exact_rank,metro,CBSA,viability_score_1_100,band,tied_within_band,tied_count,rank_p5,rank_p95,confidence_1_100,momentum,flags
1,24220,"Grand Forks, ND-MN",100.0,"[95,100]",no,9,1.000000,5.000000,90.0,flat,
2,14260,"Boise City, ID",91.9,"[90,95)",no,9,1.000000,5.000000,95.0,up,
3,26620,"Huntsville, AL",88.4,"[85,90)",yes,15,1.000000,9.000000,91.8,flat,
4,24540,"Greeley, CO",88.0,"[85,90)",yes,20,1.000000,13.000000,85.9,flat,
5,35980,"Norwich-New London-Willimantic, CT",85.3,"[85,90)",yes,39,3.000000,20.000000,83.4,up,CT planning-region delineation break (CL-025)
6,38940,"Port St. Lucie, FL",84.0,"[80,85)",yes,34,3.000000,18.000000,85.9,flat,
7,33260,"Midland, TX",82.2,"[80,85)",yes,25,1.000000,14.000000,85.9,flat,
8,44700,"Stockton-Lodi, CA",81.8,"[80,85)",yes,32,4.000000,16.000000,94.5,up,
9,22220,"Fayetteville-Springdale-Rogers, AR",81.8,"[80,85)",yes,30,3.000000,15.000000,94.8,flat,
10,39580,"Raleigh-Cary, NC",79.0,"[75,80)",yes,23,6.000000,14.000000,97.9,up,
11,16820,"Charlottesville, VA",77.4,"[75,80)",yes,39,4.000000,20.000000,92.0,up,
12,43620,"Sioux Falls, SD-MN",75.7,"[75,80)",yes,50,7.000000,30.000000,93.5,up,
13,16700,"Charleston-North Charleston, SC",75.7,"[75,80)",yes,36,6.000000,19.000000,95.4,flat,
14,17300,"Clarksville, TN-KY",71.9,"[70,75)",yes,73,8.000000,41.000000,88.6,up,
15,39340,"Provo-Orem-Lehi, UT",71.3,"[70,75)",yes,45,9.000000,27.000000,93.8,flat,
16,12420,"Austin-Round Rock-San Marcos, TX",69.3,"[65,70)",yes,41,14.000000,25.000000,100.0,flat,
17,34820,"Myrtle Beach-Conway-North Myrtle Beach, SC",69.2,"[65,70)",yes,91,9.000000,61.000000,88.0,flat,
18,22020,"Fargo, ND-MN",68.6,"[65,70)",yes,79,11.000000,47.000000,94.7,up,
19,30460,"Lexington-Fayette, KY",68.4,"[65,70)",yes,76,14.000000,45.000000,94.3,up,
20,29100,"La Crosse-Onalaska, WI-MN",68.2,"[65,70)",yes,101,14.000000,71.000000,89.4,flat,
21,38860,"Portland-South Portland, ME",68.1,"[65,70)",yes,80,13.000000,50.000000,95.0,flat,
22,46520,"Urban Honolulu, HI",67.7,"[65,70)",yes,66,15.000000,39.000000,92.1,up,
23,30780,"Little Rock-North Little Rock-Conway, AR",66.9,"[65,70)",yes,79,14.000000,50.000000,94.8,up,
24,24860,"Greenville-Anderson-Greer, SC",66.8,"[65,70)",yes,80,13.000000,48.000000,95.5,flat,
25,41620,"Salt Lake City-Murray, UT",66.5,"[65,70)",yes,68,15.000000,40.000000,98.0,up,
26,28940,"Knoxville, TN",66.4,"[65,70)",yes,75,17.000000,50.000000,96.5,flat,
27,16860,"Chattanooga, TN-GA",65.9,"[65,70)",yes,90,12.000000,61.000000,92.6,flat,
28,18580,"Corpus Christi, TX",64.7,"[60,65)",yes,108,18.000000,77.000000,92.8,flat,
29,35620,"New York-Newark-Jersey City, NY-NJ",64.6,"[60,65)",yes,57,25.000000,38.000000,100.0,up,
30,44180,"Springfield, MO",64.5,"[60,65)",yes,76,16.000000,49.000000,94.6,flat,
31,46140,"Tulsa, OK",64.2,"[60,65)",yes,63,21.000000,41.000000,99.9,flat,
32,46220,"Tuscaloosa, AL",64.2,"[60,65)",yes,131,15.000000,109.000000,89.7,flat,
33,19780,"Des Moines-West Des Moines, IA",64.1,"[60,65)",yes,80,19.000000,60.000000,96.7,flat,
34,11180,"Ames, IA",63.2,"[60,65)",yes,106,19.000000,76.000000,91.1,flat,
35,47380,"Waco, TX",63.0,"[60,65)",yes,121,16.000000,95.000000,89.1,up,
36,13140,"Beaumont-Port Arthur, TX",62.6,"[60,65)",yes,115,15.000000,84.000000,88.8,up,
37,34980,"Nashville-Davidson--Murfreesboro--Franklin, TN",61.6,"[60,65)",yes,74,25.000000,57.000000,98.8,flat,
38,29820,"Las Vegas-Henderson-North Las Vegas, NV",61.1,"[60,65)",yes,71,24.000000,48.000000,100.0,flat,
39,28420,"Kennewick-Richland, WA",61.1,"[60,65)",yes,119,19.000000,94.000000,90.3,up,
40,36420,"Oklahoma City, OK",59.5,"[55,60)",yes,80,27.000000,61.000000,97.9,down,
41,27140,"Jackson, MS",59.3,"[55,60)",yes,119,32.000000,106.000000,92.5,flat,
42,27260,"Jacksonville, FL",59.0,"[55,60)",yes,82,29.000000,65.000000,96.9,up,
43,29180,"Lafayette, LA",59.0,"[55,60)",yes,109,22.000000,84.000000,87.7,up,
44,29620,"Lansing-East Lansing, MI",58.8,"[55,60)",yes,109,25.000000,84.000000,95.8,flat,
45,29940,"Lawrence, KS",58.6,"[55,60)",yes,134,13.000000,108.000000,86.7,flat,
46,34940,"Naples-Marco Island, FL",58.5,"[55,60)",yes,122,14.000000,91.000000,92.3,flat,
47,38060,"Phoenix-Mesa-Chandler, AZ",58.5,"[55,60)",yes,73,37.000000,59.000000,100.0,up,
48,11260,"Anchorage, AK",58.1,"[55,60)",yes,111,20.000000,83.000000,89.4,flat,
49,17780,"College Station-Bryan, TX",58.0,"[55,60)",yes,126,15.000000,102.000000,92.5,flat,
50,26900,"Indianapolis-Carmel-Greenwood, IN",57.8,"[55,60)",yes,88,38.000000,70.000000,98.3,flat,
51,47900,"Washington-Arlington-Alexandria, DC-VA-MD-WV",57.6,not banded,not banded,74,43.000000,62.000000,100.0,flat,
52,23420,"Fresno, CA",57.6,not banded,not banded,102,30.000000,78.000000,96.7,flat,
53,32580,"McAllen-Edinburg-Mission, TX",57.2,not banded,not banded,119,27.000000,101.000000,92.0,flat,
54,10580,"Albany-Schenectady-Troy, NY",57.1,not banded,not banded,113,39.000000,97.000000,97.5,flat,
55,26420,"Houston-Pasadena-The Woodlands, TX",57.0,not banded,not banded,73,38.000000,59.000000,100.0,down,
56,17900,"Columbia, SC",56.9,not banded,not banded,115,28.000000,96.000000,94.3,flat,
57,48900,"Wilmington, NC",56.8,not banded,not banded,114,28.000000,95.000000,92.1,down,
58,40900,"Sacramento-Roseville-Folsom, CA",56.8,not banded,not banded,90,38.000000,72.000000,99.7,up,
59,40220,"Roanoke, VA",56.7,not banded,not banded,136,37.000000,123.000000,91.2,flat,
60,12580,"Baltimore-Columbia-Towson, MD",56.4,not banded,not banded,96,47.000000,79.000000,100.0,up,
61,41700,"San Antonio-New Braunfels, TX",56.4,not banded,not banded,86,40.000000,70.000000,99.4,up,
62,28450,"Kenosha, WI",55.8,not banded,not banded,134,19.000000,116.000000,72.9,flat,
63,17820,"Colorado Springs, CO",55.8,not banded,not banded,109,41.000000,93.000000,95.9,up,
64,10900,"Allentown-Bethlehem-Easton, PA-NJ",55.8,not banded,not banded,117,37.000000,102.000000,95.8,up,
65,12100,"Atlantic City-Hammonton, NJ",55.2,not banded,not banded,146,36.000000,130.000000,91.4,flat,
66,12260,"Augusta-Richmond County, GA-SC",54.9,not banded,not banded,138,45.000000,129.000000,90.9,up,
67,20500,"Durham-Chapel Hill, NC",54.8,not banded,not banded,103,32.000000,81.000000,95.5,up,
68,11100,"Amarillo, TX",54.0,not banded,not banded,141,39.000000,128.000000,88.9,up,
69,31180,"Lubbock, TX",53.9,not banded,not banded,119,31.000000,106.000000,91.7,flat,
70,46700,"Vallejo, CA",53.9,not banded,not banded,119,36.000000,106.000000,90.7,up,
71,39740,"Reading, PA",53.8,not banded,not banded,123,28.000000,108.000000,90.0,up,
72,25420,"Harrisburg-Carlisle, PA",53.8,not banded,not banded,118,39.000000,103.000000,93.8,flat,
73,41420,"Salem, OR",53.8,not banded,not banded,131,37.000000,119.000000,91.6,flat,
74,14460,"Boston-Cambridge-Newton, MA-NH",53.6,not banded,not banded,92,66.000000,96.000000,100.0,flat,
75,48620,"Wichita, KS",52.7,not banded,not banded,113,46.000000,106.000000,95.3,flat,
76,22660,"Fort Collins-Loveland, CO",52.5,not banded,not banded,117,43.000000,110.000000,93.5,flat,
77,12940,"Baton Rouge, LA",52.3,not banded,not banded,124,34.000000,113.000000,92.5,up,
78,25060,"Gulfport-Biloxi, MS",52.2,not banded,not banded,135,35.000000,121.000000,91.7,flat,
79,31540,"Madison, WI",51.9,not banded,not banded,107,61.000000,113.000000,98.2,flat,
80,31080,"Los Angeles-Long Beach-Anaheim, CA",51.8,not banded,not banded,87,76.000000,95.000000,92.9,up,
81,33100,"Miami-Fort Lauderdale-West Palm Beach, FL",51.6,not banded,not banded,88,73.000000,97.000000,100.0,down,
82,39300,"Providence-Warwick, RI-MA",51.3,not banded,not banded,109,59.000000,112.000000,99.0,flat,
83,24780,"Greenville, NC",50.8,not banded,not banded,169,37.000000,164.000000,90.0,flat,
84,28140,"Kansas City, MO-KS",50.7,not banded,not banded,100,61.000000,101.000000,99.8,flat,
85,42340,"Savannah, GA",50.7,not banded,not banded,126,42.000000,119.000000,92.0,down,
86,41940,"San Jose-Sunnyvale-Santa Clara, CA",50.7,not banded,not banded,97,69.000000,103.000000,100.0,up,
87,42540,"Scranton--Wilkes-Barre, PA",50.5,not banded,not banded,120,60.000000,123.000000,93.2,up,
88,36500,"Olympia-Lacey-Tumwater, WA",50.3,not banded,not banded,139,38.000000,126.000000,90.4,flat,
89,31140,"Louisville/Jefferson County, KY-IN",50.3,not banded,not banded,118,61.000000,121.000000,97.7,up,
90,42660,"Seattle-Tacoma-Bellevue, WA",50.2,not banded,not banded,93,74.000000,104.000000,100.0,up,
91,19100,"Dallas-Fort Worth-Arlington, TX",49.7,not banded,not banded,90,71.000000,97.000000,100.0,down,
92,26980,"Iowa City, IA",49.2,not banded,not banded,140,40.000000,128.000000,92.3,up,
93,21340,"El Paso, TX",49.1,not banded,not banded,119,48.000000,115.000000,94.8,flat,
94,16740,"Charlotte-Concord-Gastonia, NC-SC",48.9,not banded,not banded,100,71.000000,113.000000,100.0,flat,
95,15540,"Burlington-South Burlington, VT",48.4,not banded,not banded,141,68.000000,156.000000,90.1,flat,
96,36740,"Orlando-Kissimmee-Sanford, FL",48.1,not banded,not banded,96,73.000000,109.000000,99.6,down,
97,40060,"Richmond, VA",47.6,not banded,not banded,110,74.000000,123.000000,98.8,flat,
98,45940,"Trenton-Princeton, NJ",47.3,not banded,not banded,143,57.000000,147.000000,93.8,flat,
99,29460,"Lakeland-Winter Haven, FL",47.2,not banded,not banded,129,64.000000,139.000000,90.8,flat,
100,13820,"Birmingham, AL",47.2,not banded,not banded,119,77.000000,135.000000,96.6,flat,
101,19660,"Deltona-Daytona Beach-Ormond Beach, FL",47.2,not banded,not banded,127,53.000000,127.000000,91.8,flat,
102,14010,"Bloomington, IL",47.0,not banded,not banded,167,36.000000,160.000000,81.6,flat,
103,14860,"Bridgeport-Stamford-Danbury, CT",46.5,not banded,not banded,120,67.000000,128.000000,89.2,down,CT planning-region delineation break (CL-025)
104,45060,"Syracuse, NY",46.5,not banded,not banded,131,74.000000,149.000000,96.6,up,
105,41500,"Salinas, CA",46.4,not banded,not banded,125,63.000000,132.000000,92.9,up,
106,10740,"Albuquerque, NM",46.3,not banded,not banded,120,75.000000,134.000000,95.7,down,
107,15180,"Brownsville-Harlingen, TX",45.8,not banded,not banded,142,62.000000,155.000000,88.1,flat,
108,40140,"Riverside-San Bernardino-Ontario, CA",45.7,not banded,not banded,101,90.000000,123.000000,100.0,up,
109,13380,"Bellingham, WA",45.7,not banded,not banded,154,58.000000,162.000000,89.5,up,
110,24340,"Grand Rapids-Wyoming-Kentwood, MI",45.7,not banded,not banded,111,91.000000,134.000000,97.9,down,
111,28660,"Killeen-Temple, TX",45.5,not banded,not banded,134,57.000000,137.000000,89.5,flat,
112,12540,"Bakersfield-Delano, CA",45.4,not banded,not banded,125,76.000000,141.000000,93.3,flat,
113,33460,"Minneapolis-St. Paul-Bloomington, MN-WI",45.2,not banded,not banded,94,96.000000,122.000000,100.0,up,
114,39900,"Reno, NV",45.1,not banded,not banded,120,83.000000,141.000000,96.8,up,
115,29540,"Lancaster, PA",45.1,not banded,not banded,129,68.000000,141.000000,93.3,flat,
116,33860,"Montgomery, AL",45.0,not banded,not banded,142,61.000000,153.000000,85.9,flat,
117,37100,"Oxnard-Thousand Oaks-Ventura, CA",45.0,not banded,not banded,121,75.000000,136.000000,95.1,flat,
118,25540,"Hartford-West Hartford-East Hartford, CT",44.8,not banded,not banded,111,89.000000,134.000000,91.1,flat,CT planning-region delineation break (CL-025)
119,38300,"Pittsburgh, PA",44.6,not banded,not banded,97,103.000000,136.000000,100.0,flat,
120,30700,"Lincoln, NE",44.4,not banded,not banded,133,74.000000,152.000000,95.7,down,
121,47260,"Virginia Beach-Chesapeake-Norfolk, VA-NC",43.3,not banded,not banded,100,99.000000,131.000000,99.1,flat,
122,23060,"Fort Wayne, IN",42.9,not banded,not banded,129,83.000000,154.000000,92.5,flat,
123,28020,"Kalamazoo-Portage, MI",42.8,not banded,not banded,135,66.000000,149.000000,91.9,down,
124,20260,"Duluth, MN-WI",42.4,not banded,not banded,138,85.000000,169.000000,93.2,flat,
125,15940,"Canton-Massillon, OH",41.3,not banded,not banded,141,70.000000,156.000000,88.9,flat,
126,41060,"St. Cloud, MN",41.2,not banded,not banded,162,42.000000,159.000000,89.5,flat,
127,41860,"San Francisco-Oakland-Fremont, CA",41.0,not banded,not banded,84,116.000000,141.000000,100.0,up,
128,37980,"Philadelphia-Camden-Wilmington, PA-NJ-DE-MD",41.0,not banded,not banded,87,113.000000,138.000000,100.0,down,
129,19740,"Denver-Aurora-Centennial, CO",40.5,not banded,not banded,85,115.000000,140.000000,100.0,flat,
130,42220,"Santa Rosa-Petaluma, CA",40.5,not banded,not banded,133,89.000000,162.000000,92.6,flat,
131,22420,"Flint, MI",40.0,not banded,not banded,143,81.000000,169.000000,91.4,flat,
132,35840,"North Port-Bradenton-Sarasota, FL",39.9,not banded,not banded,123,93.000000,153.000000,91.1,down,
133,16980,"Chicago-Naperville-Elgin, IL-IN",39.6,not banded,not banded,75,129.000000,149.000000,100.0,down,
134,11540,"Appleton, WI",39.5,not banded,not banded,142,82.000000,168.000000,91.9,flat,
135,46060,"Tucson, AZ",38.9,not banded,not banded,110,107.000000,160.000000,97.7,flat,
136,36540,"Omaha, NE-IA",38.6,not banded,not banded,90,124.000000,160.000000,98.7,down,
137,41740,"San Diego-Chula Vista-Carlsbad, CA",38.3,not banded,not banded,80,128.000000,152.000000,100.0,flat,
138,17140,"Cincinnati, OH-KY-IN",38.2,not banded,not banded,97,121.000000,161.000000,99.3,down,
139,33700,"Modesto, CA",38.1,not banded,not banded,136,94.000000,169.000000,89.7,down,
140,37340,"Palm Bay-Melbourne-Titusville, FL",37.7,not banded,not banded,117,103.000000,161.000000,94.1,flat,
141,28880,"Kiryas Joel-Poughkeepsie-Newburgh, NY",37.6,not banded,not banded,96,126.000000,170.000000,80.4,flat,
142,36260,"Ogden, UT",37.5,not banded,not banded,105,117.000000,171.000000,91.9,down,
143,14740,"Bremerton-Silverdale-Port Orchard, WA",37.4,not banded,not banded,149,79.000000,182.000000,89.5,flat,
144,12060,"Atlanta-Sandy Springs-Roswell, GA",37.4,not banded,not banded,78,128.000000,150.000000,100.0,flat,
145,35300,"New Haven, CT",36.8,not banded,not banded,62,140.000000,150.000000,46.5,down,Demand-only composite – CT delineation break (CL-025/D-03)
146,37900,"Peoria, IL",36.7,not banded,not banded,119,107.000000,178.000000,90.0,up,
147,18140,"Columbus, OH",36.6,not banded,not banded,85,127.000000,156.000000,99.6,down,
148,37860,"Pensacola-Ferry Pass-Brent, FL",36.3,not banded,not banded,127,100.000000,171.000000,89.0,down,
149,45220,"Tallahassee, FL",36.0,not banded,not banded,116,108.000000,167.000000,93.9,down,
150,17860,"Columbia, MO",36.0,not banded,not banded,111,119.000000,187.000000,88.9,flat,
151,19430,"Dayton-Kettering-Beavercreek, OH",35.7,not banded,not banded,104,116.000000,166.000000,83.0,down,
152,33340,"Milwaukee-Waukesha, WI",35.5,not banded,not banded,78,138.000000,166.000000,99.7,flat,
153,41180,"St. Louis, MO-IL",34.9,not banded,not banded,83,136.000000,168.000000,99.2,down,
154,38900,"Portland-Vancouver-Hillsboro, OR-WA",34.8,not banded,not banded,78,138.000000,166.000000,100.0,down,
155,40380,"Rochester, NY",34.7,not banded,not banded,90,130.000000,172.000000,98.1,flat,
156,15380,"Buffalo-Cheektowaga, NY",34.0,not banded,not banded,81,138.000000,174.000000,97.5,down,
157,31700,"Manchester-Nashua, NH",33.4,not banded,not banded,109,121.000000,185.000000,93.2,flat,
158,49620,"York-Hanover, PA",33.2,not banded,not banded,130,98.000000,178.000000,88.2,down,
159,15980,"Cape Coral-Fort Myers, FL",33.1,not banded,not banded,107,117.000000,176.000000,95.0,flat,
160,36780,"Oshkosh-Neenah, WI",32.8,not banded,not banded,112,115.000000,182.000000,91.0,flat,
161,40420,"Rockford, IL",32.7,not banded,not banded,108,120.000000,182.000000,89.3,flat,
162,16580,"Champaign-Urbana, IL",32.1,not banded,not banded,95,130.000000,182.000000,93.5,flat,
163,17410,"Cleveland, OH",32.1,not banded,not banded,63,154.000000,173.000000,84.3,flat,
164,49340,"Worcester, MA",31.4,not banded,not banded,78,144.000000,183.000000,96.5,down,
165,40340,"Rochester, MN",30.8,not banded,not banded,107,123.000000,188.000000,90.0,flat,
166,49180,"Winston-Salem, NC",30.6,not banded,not banded,79,145.000000,184.000000,92.7,down,
167,12020,"Athens-Clarke County, GA",30.4,not banded,not banded,116,111.000000,183.000000,90.0,down,
168,11460,"Ann Arbor, MI",30.3,not banded,not banded,108,121.000000,181.000000,95.7,flat,
169,24660,"Greensboro-High Point, NC",30.3,not banded,not banded,78,143.000000,183.000000,95.7,flat,
170,35380,"New Orleans-Metairie, LA",28.9,not banded,not banded,73,151.000000,184.000000,95.8,up,
171,10420,"Akron, OH",28.9,not banded,not banded,79,146.000000,184.000000,94.7,down,
172,42200,"Santa Maria-Santa Barbara, CA",28.7,not banded,not banded,95,130.000000,182.000000,86.2,flat,
173,45300,"Tampa-St. Petersburg-Clearwater, FL",28.5,not banded,not banded,64,155.000000,176.000000,99.9,down,
174,19820,"Detroit-Warren-Dearborn, MI",27.0,not banded,not banded,54,165.000000,181.000000,100.0,down,
175,46540,"Utica-Rome, NY",26.9,not banded,not banded,105,126.000000,192.000000,89.4,flat,
176,24580,"Green Bay, WI",26.0,not banded,not banded,81,142.000000,190.000000,93.3,down,
177,19340,"Davenport-Moline-Rock Island, IA-IL",25.7,not banded,not banded,72,155.000000,193.000000,93.2,flat,
178,44060,"Spokane-Spokane Valley, WA",25.6,not banded,not banded,60,162.000000,190.000000,95.9,flat,
179,47930,"Waterbury-Shelton, CT",25.5,not banded,not banded,40,174.000000,182.000000,46.5,down,Demand-only composite – CT delineation break (CL-025/D-03)
180,16300,"Cedar Rapids, IA",25.5,not banded,not banded,82,149.000000,194.000000,91.2,flat,
181,49660,"Youngstown-Warren, OH",25.4,not banded,not banded,70,156.000000,191.000000,90.5,flat,
182,21780,"Evansville, IN",25.2,not banded,not banded,66,157.000000,190.000000,90.1,flat,
183,17980,"Columbus, GA-AL",23.0,not banded,not banded,68,157.000000,195.000000,90.5,flat,
184,14500,"Boulder, CO",21.3,not banded,not banded,56,167.000000,194.000000,95.0,flat,
185,26580,"Huntington-Ashland, WV-KY-OH",20.7,not banded,not banded,77,152.000000,195.000000,89.6,down,
186,44140,"Springfield, MA",20.6,not banded,not banded,60,165.000000,196.000000,93.1,flat,
187,23540,"Gainesville, FL",19.5,not banded,not banded,60,163.000000,195.000000,92.0,down,
188,29200,"Lafayette-West Lafayette, IN",19.5,not banded,not banded,57,167.000000,196.000000,85.0,down,
189,43340,"Shreveport-Bossier City, LA",19.1,not banded,not banded,69,159.000000,197.000000,86.7,flat,
190,45780,"Toledo, OH",18.4,not banded,not banded,40,179.000000,195.000000,96.3,down,
191,44300,"State College, PA",15.4,not banded,not banded,69,157.000000,198.000000,88.7,down,
192,31420,"Macon-Bibb County, GA",14.3,not banded,not banded,45,175.000000,198.000000,85.9,down,
193,32820,"Memphis, TN-MS-AR",12.5,not banded,not banded,25,188.000000,198.000000,96.8,flat,
194,33660,"Mobile, AL",12.2,not banded,not banded,43,178.000000,199.000000,90.3,down,
195,22180,"Fayetteville, NC",11.6,not banded,not banded,24,189.000000,198.000000,95.0,down,
196,17020,"Chico, CA",11.4,not banded,not banded,41,179.000000,198.000000,88.0,flat,
197,21660,"Eugene-Springfield, OR",10.6,not banded,not banded,30,184.000000,199.000000,93.6,down,
198,11700,"Asheville, NC",6.4,not banded,not banded,19,193.000000,200.000000,90.5,down,
199,14020,"Bloomington, IN",2.0,not banded,not banded,21,191.000000,200.000000,90.4,down,
200,43780,"South Bend-Mishawaka, IN-MI",1.0,not banded,not banded,12,196.000000,200.000000,92.5,down,
