# Phase 5 v1 | runner 69735bdf3915350536eaae77486459955efba7b9811ef7b3ff654820e4bfd9ca | method note 5ef30b22 (frozen before computing) | core b69199bc | snapshot v1.4 bd7487eb | score date b=2025 (Nov 1 2025, PIT) | binding v1.1 model: equal pillars, Supply NNLS within-pillar (D-VAR-Supply ADOPT) | analytic output; not investment advice
# Rank-stability context: in the 2006–2022 backtest ranks moved a median of 25–50 places a year (S-RANKSTAB); treat rank differences inside the p5–p95 range as ties.
# Intervals: B=1000 ACS data-error draws (MOE/1.645), seed child 2 of 20261003; no data-error draw for CES/LAUS/PEP/BPS (no SE); Supply weight draw degenerate (SUP-20 = 1 at every fold).
# Scenario rank columns are illustrative – not validated; they never change the official score.
cbsa_code,cbsa_name,rank,N,composite_unrounded,score_unrounded,score,percentile_ahead_of_pct_of_N,score_p5,score_p95,rank_p5,rank_p95,statistically_tied_count,sigma_score,grade,grade_points,g_a_vars_present,g_b_merit,g_c_history,g_d_stale,g_e_acs_cv,g_f_geo_fit,g_g_imputed,share_vars_present,rent24_history_years_of_16,acs_cv_renter5plus_2024,grade_override,n_pillars_present,subscore_Demand,subscore_Demographics,subscore_Supply,subscore_Affordability,subscore_Operating,score_2024_restated,rank_2024_restated,momentum_dS,momentum_threshold_90,momentum_arrow,rank_change_vs_2024,momentum_label,scenario_rank_equal_weights_ILLUSTRATIVE_NOT_VALIDATED,scenario_rank_supply_heavy_ILLUSTRATIVE_NOT_VALIDATED,flags
24220,"Grand Forks, ND-MN",1,200,1.018870,99.865010,100,99.500000,98.564197,99.865010,1.000000,5.000000,9,0.612202,A,12,2,2,2,2,0,2,2,0.961538,16,0.091870,,5,97.212687,69.173274,95.112816,96.127700,92.823018,90.344764,18,9.520247,18.565072,flat,17,historical change between the 2024 and 2025 score dates; not a forecast,1,1,
14260,"Boise City, ID",2,200,0.868318,99.720777,100,99.000000,98.521588,99.865010,1.000000,5.000000,9,0.467704,A,12,2,2,2,2,0,2,2,1.000000,16,0.060852,,5,91.288188,97.687740,92.924684,70.631284,52.199081,79.626666,41,20.094111,10.209760,up,39,historical change between the 2024 and 2025 score dates; not a forecast,3,2,
26620,"Huntsville, AL",3,200,0.802547,99.465767,99,98.500000,96.953570,99.835223,1.000000,9.000000,15,0.973964,A,12,2,2,2,2,0,2,2,1.000000,16,0.080972,,5,98.605899,97.561319,82.650898,86.918193,12.011347,99.288211,3,0.177556,2.147860,flat,0,historical change between the 2024 and 2025 score dates; not a forecast,8,4,
24540,"Greeley, CO",4,200,0.795268,99.427529,99,98.000000,93.984854,99.865010,1.000000,13.000000,20,2.250817,A,12,2,2,2,2,0,2,2,1.000000,16,0.120482,,5,84.329880,98.280100,79.714340,86.698704,54.723983,86.991734,24,12.435795,13.632022,flat,20,historical change between the 2024 and 2025 score dates; not a forecast,9,5,
35980,"Norwich-New London-Willimantic, CT",5,200,0.745166,99.091943,99,97.500000,89.273710,99.423027,3.000000,20.000000,39,3.652648,B,11,2,2,2,2,0,1,2,1.000000,16,0.089185,,5,93.970445,70.841817,74.427458,80.570356,98.447032,44.152591,114,54.939353,23.445681,up,109,historical change between the 2024 and 2025 score dates; not a forecast,2,9,CT planning-region delineation break (CL-025)
38940,"Port St. Lucie, FL",6,200,0.720782,98.873611,99,97.000000,90.490300,99.621587,3.000000,18.000000,34,3.120263,A,12,2,2,2,2,0,2,2,1.000000,16,0.117706,,5,85.468426,99.784379,80.282875,24.830202,60.259276,98.788864,5,0.084747,5.607857,flat,-1,historical change between the 2024 and 2025 score dates; not a forecast,5,8,
33260,"Midland, TX",7,200,0.687107,98.497898,98,96.500000,93.770323,99.865010,1.000000,14.000000,25,2.142303,A,12,2,2,2,2,0,2,2,0.961538,16,0.132814,,5,99.865010,92.993261,95.808750,13.343591,7.237709,99.865010,1,-1.367112,3.524436,flat,-6,historical change between the 2024 and 2025 score dates; not a forecast,6,3,
44700,"Stockton-Lodi, CA",8,200,0.680297,98.410031,98,96.000000,92.450667,98.952994,4.000000,16.000000,32,2.071280,A,12,2,2,2,2,0,2,2,1.000000,16,0.064300,,5,42.944475,77.743283,91.932423,80.886984,95.153787,48.937562,105,49.472469,13.080037,up,97,historical change between the 2024 and 2025 score dates; not a forecast,4,6,
22220,"Fayetteville-Springdale-Rogers, AR",9,200,0.680177,98.408448,98,95.500000,93.152943,99.402646,3.000000,15.000000,30,2.017057,A,12,2,2,2,2,0,2,2,1.000000,16,0.062184,,5,97.142393,98.096964,43.459024,86.589498,50.030412,98.967178,4,-0.558730,3.490284,flat,-5,historical change between the 2024 and 2025 score dates; not a forecast,12,13,
39580,"Raleigh-Cary, NC",10,200,0.627347,97.564423,98,95.000000,93.302625,98.519780,6.000000,14.000000,23,1.586471,A,13,2,2,2,2,1,2,2,1.000000,16,0.043086,,5,93.866175,99.865010,31.264675,72.699043,33.008907,90.147857,19,7.416566,6.299558,up,9,historical change between the 2024 and 2025 score dates; not a forecast,11,18,
16820,"Charlottesville, VA",11,200,0.598248,96.956836,97,94.500000,89.258218,99.207087,4.000000,20.000000,39,3.246031,A,12,2,2,2,2,0,2,2,1.000000,16,0.079305,,5,93.848070,37.260539,95.808750,77.496496,54.049789,79.992958,39,16.963879,15.058541,up,28,historical change between the 2024 and 2025 score dates; not a forecast,22,7,
43620,"Sioux Falls, SD-MN",12,200,0.565415,96.125736,96,94.000000,83.750945,98.007291,7.000000,30.000000,50,4.550142,A,12,2,2,2,2,0,2,2,1.000000,16,0.070372,,5,94.167970,94.299417,21.617171,90.885767,84.001870,61.602863,82,34.522873,18.693598,up,70,historical change between the 2024 and 2025 score dates; not a forecast,10,38,
16700,"Charleston-North Charleston, SC",13,200,0.564861,96.110267,96,93.500000,89.963722,98.306459,6.000000,19.000000,36,2.651290,A,12,2,2,2,2,0,2,2,1.000000,16,0.058553,,5,93.075177,95.533077,85.963727,47.974744,12.753436,99.517698,2,-3.407431,4.395548,flat,-11,historical change between the 2024 and 2025 score dates; not a forecast,21,10,
17300,"Clarksville, TN-KY",14,200,0.493948,93.676438,94,93.000000,78.058388,97.499637,8.000000,41.000000,73,6.264540,A,12,2,2,2,2,0,2,2,1.000000,16,0.100468,,5,93.455572,92.113594,45.183642,83.626346,39.186592,36.706330,136,56.970108,21.225281,up,122,historical change between the 2024 and 2025 score dates; not a forecast,31,31,
39340,"Provo-Orem-Lehi, UT",15,200,0.484350,93.271167,93,92.500000,85.427848,97.275610,9.000000,27.000000,45,3.732585,A,12,2,2,2,2,0,2,2,1.000000,16,0.068505,,5,54.552834,98.843563,39.930493,97.126669,16.197711,96.011644,9,-2.740477,7.237938,flat,-6,historical change between the 2024 and 2025 score dates; not a forecast,15,34,
12420,"Austin-Round Rock-San Marcos, TX",16,200,0.446273,91.463550,91,92.000000,86.596830,93.934484,14.000000,25.000000,41,2.224152,A,14,2,2,2,2,2,2,2,1.000000,16,0.026177,,5,97.561466,98.686802,19.242571,80.537908,17.260081,88.613135,22,2.850414,5.544241,flat,6,historical change between the 2024 and 2025 score dates; not a forecast,23,60,
34820,"Myrtle Beach-Conway-North Myrtle Beach, SC",17,200,0.445311,91.413545,91,91.500000,69.010753,97.166364,9.000000,61.000000,91,9.121154,A,12,2,2,2,2,0,2,2,1.000000,16,0.104685,,5,88.781532,66.526451,94.648071,31.748740,29.764645,90.944808,17,0.468737,18.896406,flat,0,historical change between the 2024 and 2025 score dates; not a forecast,25,11,
22020,"Fargo, ND-MN",18,200,0.433729,90.794603,91,91.000000,75.341627,95.604000,11.000000,47.000000,79,6.508774,A,12,2,2,2,2,0,2,2,1.000000,16,0.062921,,5,73.058624,89.825601,41.761016,91.285509,53.873726,70.258705,67,20.535898,20.414908,up,49,historical change between the 2024 and 2025 score dates; not a forecast,7,40,
30460,"Lexington-Fayette, KY",19,200,0.428783,90.520481,91,90.500000,75.809267,93.965935,14.000000,45.000000,76,5.574379,A,12,2,2,2,2,0,2,2,1.000000,16,0.065452,,5,76.316086,77.337246,63.125149,58.859211,85.452819,66.915919,72,23.604562,15.483250,up,53,historical change between the 2024 and 2025 score dates; not a forecast,17,25,
29100,"La Crosse-Onalaska, WI-MN",20,200,0.425657,90.344122,90,90.000000,63.246889,94.114689,14.000000,71.000000,101,9.475445,A,12,2,2,2,2,0,2,2,0.961538,16,0.095500,,5,74.556464,70.705316,32.594201,93.801262,91.867869,83.992358,28,6.351764,21.605673,flat,8,historical change between the 2024 and 2025 score dates; not a forecast,13,52,
38860,"Portland-South Portland, ME",21,200,0.424916,90.301950,90,89.500000,74.030736,94.710462,13.000000,50.000000,80,6.594008,A,12,2,2,2,2,0,2,2,1.000000,16,0.060821,,5,84.239509,54.494198,66.066343,72.572224,86.364211,76.468571,46,13.833379,17.095821,flat,25,historical change between the 2024 and 2025 score dates; not a forecast,34,21,
46520,"Urban Honolulu, HI",22,200,0.417449,89.869619,90,89.000000,79.691501,92.842075,15.000000,39.000000,66,4.039876,A,12,2,2,1,2,1,2,2,1.000000,8,0.035370,,5,80.841628,20.924942,60.366349,97.591422,90.195414,76.397830,47,13.471789,11.616111,up,25,historical change between the 2024 and 2025 score dates; not a forecast,14,30,
30780,"Little Rock-North Little Rock-Conway, AR",23,200,0.401470,88.897602,89,88.500000,74.558475,93.951576,14.000000,50.000000,79,6.095259,A,12,2,2,2,2,0,2,2,1.000000,16,0.062364,,5,92.916057,35.125162,86.865399,59.897819,55.537577,63.877846,77,25.019756,16.356176,up,54,historical change between the 2024 and 2025 score dates; not a forecast,33,14,
24860,"Greenville-Anderson-Greer, SC",24,200,0.400155,88.814699,89,88.000000,74.823651,94.754888,13.000000,48.000000,80,6.200692,A,12,2,2,2,2,0,2,2,1.000000,16,0.057949,,5,59.714183,90.592013,82.896274,39.779569,40.662378,98.495782,6,-9.681083,10.334694,flat,-18,historical change between the 2024 and 2025 score dates; not a forecast,39,16,
41620,"Salt Lake City-Murray, UT",25,200,0.393524,88.390069,88,87.500000,79.026576,93.022030,15.000000,40.000000,68,4.333461,A,13,2,2,2,2,1,2,2,1.000000,16,0.042314,,5,63.673761,83.036598,59.766398,94.420159,24.868039,47.450827,107,40.939242,12.503015,up,82,historical change between the 2024 and 2025 score dates; not a forecast,19,33,
28940,"Knoxville, TN",26,200,0.391373,88.249946,88,87.000000,74.090788,92.015136,17.000000,50.000000,75,5.483238,A,12,2,2,2,2,0,2,2,1.000000,16,0.051998,,5,88.447460,81.987051,40.659585,66.621471,77.510287,82.009687,37,6.240259,14.603536,flat,11,historical change between the 2024 and 2025 score dates; not a forecast,35,49,
16860,"Chattanooga, TN-GA",27,200,0.383472,87.724791,88,86.500000,68.962812,95.421926,12.000000,61.000000,90,8.049492,A,12,2,2,2,2,0,2,2,1.000000,16,0.075769,,5,78.024451,78.279287,80.851783,45.383123,43.273219,97.834934,7,-10.110143,13.403947,flat,-20,historical change between the 2024 and 2025 score dates; not a forecast,45,17,
18580,"Corpus Christi, TX",28,200,0.360730,86.122166,86,86.000000,59.773959,91.213418,18.000000,77.000000,108,9.488193,A,12,2,2,2,2,0,2,2,1.000000,16,0.074854,,5,90.925668,61.305048,75.441048,61.938979,34.790937,96.073043,8,-9.950878,16.411736,flat,-20,historical change between the 2024 and 2025 score dates; not a forecast,27,24,
35620,"New York-Newark-Jersey City, NY-NJ",29,200,0.359050,85.998419,86,85.500000,80.098377,87.123674,25.000000,38.000000,57,2.122308,A,14,2,2,2,2,2,2,2,1.000000,16,0.007223,,5,69.382468,43.938302,39.436686,93.439818,95.529777,58.625974,91,27.372445,6.000987,up,62,historical change between the 2024 and 2025 score dates; not a forecast,16,55,
44180,"Springfield, MO",30,200,0.357297,85.868426,86,85.000000,74.654959,92.701026,16.000000,49.000000,76,5.597625,A,12,2,2,2,2,0,2,2,1.000000,16,0.063259,,5,80.043018,44.509292,77.118377,95.285439,17.414419,77.239475,44,8.628951,14.391885,flat,14,historical change between the 2024 and 2025 score dates; not a forecast,32,23,
46140,"Tulsa, OK",31,200,0.350853,85.383637,85,84.500000,78.475269,89.228701,21.000000,41.000000,63,3.317853,A,13,2,2,2,2,1,2,2,1.000000,16,0.030454,,5,82.264846,67.705654,79.128819,57.320232,34.714267,85.183769,26,0.199868,7.332175,flat,-5,historical change between the 2024 and 2025 score dates; not a forecast,28,19,
46220,"Tuscaloosa, AL",32,200,0.350801,85.379645,85,84.000000,44.856724,93.340825,15.000000,109.000000,131,14.455172,A,12,2,2,2,2,0,2,2,1.000000,16,0.093591,,5,81.946744,46.026039,78.876210,62.570707,64.441725,77.926260,43,7.453385,28.227490,flat,11,historical change between the 2024 and 2025 score dates; not a forecast,30,20,
19780,"Des Moines-West Des Moines, IA",33,200,0.348997,85.241962,85,83.500000,69.413448,90.641192,19.000000,60.000000,80,6.537613,A,12,2,2,2,2,0,2,2,1.000000,16,0.050723,,5,65.490092,91.718960,47.600973,82.572548,32.009991,89.807461,20,-4.565499,12.845322,flat,-13,historical change between the 2024 and 2025 score dates; not a forecast,26,51,
11180,"Ames, IA",34,200,0.332803,83.966882,84,83.000000,60.431842,90.461705,19.000000,76.000000,106,9.292507,A,12,2,2,2,2,0,2,2,0.961538,16,0.084886,,5,68.892244,44.879295,49.344747,98.968021,47.709982,75.216789,53,8.750093,28.493702,flat,19,historical change between the 2024 and 2025 score dates; not a forecast,24,53,
47380,"Waco, TX",35,200,0.329189,83.672767,84,82.500000,52.654491,92.882637,16.000000,95.000000,121,12.311186,A,12,2,2,2,2,0,2,2,1.000000,16,0.097837,,5,44.138757,72.158346,56.855250,57.392603,95.418920,13.538607,185,70.134160,25.407891,up,150,historical change between the 2024 and 2025 score dates; not a forecast,18,42,
13140,"Beaumont-Port Arthur, TX",36,200,0.321565,83.040860,83,82.000000,56.831961,93.189562,15.000000,84.000000,115,11.244915,A,12,2,2,2,2,0,2,2,1.000000,16,0.099678,,5,98.376231,10.897283,95.808750,41.801309,23.547850,25.041377,154,57.999483,25.430578,up,118,historical change between the 2024 and 2025 score dates; not a forecast,44,12,
34980,"Nashville-Davidson--Murfreesboro--Franklin, TN",37,200,0.302928,81.431221,81,81.500000,71.240250,86.971713,25.000000,57.000000,74,4.728921,A,13,2,2,2,2,1,2,2,1.000000,16,0.037162,,5,89.742576,89.249401,37.004639,73.075949,22.383035,86.102922,25,-4.671701,9.324765,flat,-12,historical change between the 2024 and 2025 score dates; not a forecast,38,71,
29820,"Las Vegas-Henderson-North Las Vegas, NV",38,200,0.293810,80.610227,81,81.000000,75.009565,87.341612,24.000000,48.000000,71,3.861081,A,14,2,2,2,2,2,2,2,1.000000,16,0.028980,,5,72.374923,90.208575,80.950204,36.734898,7.858622,84.495292,27,-3.885066,8.167789,flat,-11,historical change between the 2024 and 2025 score dates; not a forecast,48,32,
28420,"Kennewick-Richland, WA",39,200,0.293207,80.555200,81,80.500000,52.452316,90.248718,19.000000,94.000000,119,11.623392,A,12,2,2,2,2,0,2,2,1.000000,16,0.090369,,5,73.652281,88.024285,21.504579,79.621151,73.496343,30.465820,143,50.089380,25.679961,up,104,historical change between the 2024 and 2025 score dates; not a forecast,55,85,
36420,"Oklahoma City, OK",40,200,0.263046,77.681292,78,80.000000,68.452079,86.185417,27.000000,61.000000,80,5.411594,A,13,2,2,2,2,1,2,2,1.000000,16,0.042779,,5,93.236219,63.229176,76.708633,51.936612,8.103292,95.104318,11,-17.423025,9.230186,down,-29,historical change between the 2024 and 2025 score dates; not a forecast,78,37,
27140,"Jackson, MS",41,200,0.259429,77.321117,77,79.500000,47.678835,83.324857,32.000000,106.000000,119,10.987122,A,12,2,2,2,2,0,2,2,1.000000,16,0.076444,,5,85.522118,17.815701,74.145851,57.044317,86.260532,59.106313,87,18.214804,27.471646,flat,46,historical change between the 2024 and 2025 score dates; not a forecast,20,41,
27260,"Jacksonville, FL",42,200,0.255116,76.887348,77,79.000000,66.387128,85.116047,29.000000,65.000000,82,5.566025,A,13,2,2,2,2,1,2,2,1.000000,16,0.049362,,5,55.408854,97.288479,69.280836,26.658448,11.474268,42.428151,116,34.459196,15.123173,up,74,historical change between the 2024 and 2025 score dates; not a forecast,42,45,
29180,"Lafayette, LA",43,200,0.254630,76.838163,77,78.500000,57.049640,88.851474,22.000000,84.000000,109,9.764512,A,12,2,2,2,2,0,2,2,1.000000,16,0.106493,,5,69.426136,10.694083,95.803388,61.089353,46.633303,42.287756,118,34.550407,24.502804,up,75,historical change between the 2024 and 2025 score dates; not a forecast,50,15,
29620,"Lansing-East Lansing, MI",44,200,0.250304,76.397986,76,78.000000,57.849344,86.867662,25.000000,84.000000,109,8.786940,A,12,2,2,2,2,0,2,2,1.000000,16,0.055809,,5,72.716896,27.685046,90.083470,22.195148,80.580114,74.410873,55,1.987113,19.411775,flat,11,historical change between the 2024 and 2025 score dates; not a forecast,52,22,
29940,"Lawrence, KS",45,200,0.246108,75.966726,76,77.500000,45.527566,93.984767,13.000000,108.000000,134,15.073245,A,12,2,2,2,2,0,2,2,0.961538,16,0.112687,,5,70.420522,47.707151,77.814924,85.885751,12.602181,94.041873,12,-18.075147,25.952086,flat,-33,historical change between the 2024 and 2025 score dates; not a forecast,59,39,
34940,"Naples-Marco Island, FL",46,200,0.244450,75.795060,76,77.000000,55.108594,94.108875,14.000000,91.000000,122,12.091992,A,12,2,2,2,2,0,2,2,1.000000,16,0.077507,,5,98.726854,80.770610,68.841599,48.223385,0.346099,95.614337,10,-19.819277,20.224352,flat,-36,historical change between the 2024 and 2025 score dates; not a forecast,122,50,
38060,"Phoenix-Mesa-Chandler, AZ",47,200,0.244298,75.779373,76,76.500000,69.904174,81.070498,37.000000,59.000000,73,3.302466,A,14,2,2,2,2,2,2,2,1.000000,16,0.022714,,5,92.453714,86.513757,40.662247,63.211966,12.025557,41.366461,119,34.412913,8.082280,up,72,historical change between the 2024 and 2025 score dates; not a forecast,69,73,
11260,"Anchorage, AK",48,200,0.237138,75.030400,75,76.000000,56.486410,89.879382,20.000000,83.000000,111,10.141565,A,12,2,2,2,2,0,2,2,1.000000,16,0.095585,,5,50.528158,36.424645,89.854882,92.956594,4.860799,78.414993,42,-3.384593,21.241133,flat,-6,historical change between the 2024 and 2025 score dates; not a forecast,80,26,
17780,"College Station-Bryan, TX",49,200,0.235364,74.842986,75,75.500000,49.278761,93.016788,15.000000,102.000000,126,13.717553,A,12,2,2,2,2,0,2,2,1.000000,16,0.076704,,5,98.593935,65.462622,55.785665,13.780388,48.416698,92.288202,15,-17.445217,23.313156,flat,-34,historical change between the 2024 and 2025 score dates; not a forecast,89,63,
26900,"Indianapolis-Carmel-Greenwood, IN",50,200,0.231637,74.446758,74,75.000000,63.998939,80.556439,38.000000,70.000000,88,5.019779,A,13,2,2,2,2,1,2,2,1.000000,16,0.040382,,5,75.439463,62.589395,72.224450,35.246325,51.422893,75.447211,52,-1.000453,10.891067,flat,2,historical change between the 2024 and 2025 score dates; not a forecast,57,48,
47900,"Washington-Arlington-Alexandria, DC-VA-MD-WV",51,200,0.228483,74.108953,74,74.500000,68.460064,77.570903,43.000000,62.000000,74,2.794194,A,14,2,2,2,2,2,2,2,1.000000,16,0.015204,,5,46.263363,58.107625,55.740920,83.337544,63.688929,71.931936,61,2.177016,6.785432,flat,10,historical change between the 2024 and 2025 score dates; not a forecast,40,66,
23420,"Fresno, CA",52,200,0.227990,74.055962,74,74.000000,60.131177,83.961095,30.000000,78.000000,102,7.271412,A,12,2,2,2,2,0,2,2,1.000000,16,0.050214,,5,31.307295,58.743608,89.285615,21.315239,76.287503,79.923274,40,-5.867312,14.923825,flat,-12,historical change between the 2024 and 2025 score dates; not a forecast,62,27,
32580,"McAllen-Edinburg-Mission, TX",53,200,0.220806,73.277186,73,73.500000,49.843957,85.939650,27.000000,101.000000,119,10.904332,A,12,2,2,2,2,0,2,2,1.000000,16,0.079604,,5,90.794654,65.935064,75.210366,53.001292,4.633250,83.279120,35,-10.001934,20.751196,flat,-18,historical change between the 2024 and 2025 score dates; not a forecast,95,44,
10580,"Albany-Schenectady-Troy, NY",54,200,0.218761,73.053377,73,73.000000,51.629189,79.564211,39.000000,97.000000,113,8.280061,A,13,2,2,2,2,1,2,2,1.000000,16,0.045205,,5,59.019549,50.054190,58.122110,37.952534,94.816479,64.027075,75,9.026302,18.166601,flat,21,historical change between the 2024 and 2025 score dates; not a forecast,51,65,
26420,"Houston-Pasadena-The Woodlands, TX",55,200,0.216151,72.766374,73,72.500000,70.076315,80.451251,38.000000,59.000000,73,3.142570,A,14,2,2,2,2,2,2,2,1.000000,16,0.017556,,5,79.815647,96.991156,57.736963,23.817356,5.501951,83.987000,29,-11.220627,6.322705,down,-26,historical change between the 2024 and 2025 score dates; not a forecast,47,68,
17900,"Columbia, SC",56,200,0.215767,72.724000,73,72.000000,51.628739,84.948378,28.000000,96.000000,115,9.908079,A,12,2,2,2,2,0,2,2,1.000000,16,0.065492,,5,56.524882,77.521779,76.018056,9.887205,74.106404,83.478460,31,-10.754460,18.818156,flat,-25,historical change between the 2024 and 2025 score dates; not a forecast,96,43,
48900,"Wilmington, NC",57,200,0.213406,72.462841,72,71.500000,52.618395,84.835397,28.000000,95.000000,114,9.819785,A,12,2,2,2,2,0,2,2,1.000000,16,0.079056,,5,84.725470,99.701208,18.742996,17.803660,20.367438,93.830999,14,-21.368158,17.769432,down,-43,historical change between the 2024 and 2025 score dates; not a forecast,87,101,
40900,"Sacramento-Roseville-Folsom, CA",58,200,0.213208,72.440903,72,71.000000,62.937367,79.720511,38.000000,72.000000,90,5.210799,A,13,2,2,2,2,1,2,2,1.000000,16,0.031917,,5,51.039630,54.952447,67.379200,66.035080,59.832808,34.166568,141,38.274335,11.487956,up,83,historical change between the 2024 and 2025 score dates; not a forecast,64,56,
40220,"Roanoke, VA",59,200,0.211165,72.213863,72,70.500000,38.186277,80.732073,37.000000,123.000000,136,13.051280,A,12,2,2,2,2,0,2,2,1.000000,16,0.084504,,5,76.677195,24.872846,56.251715,70.266669,87.472990,83.455157,32,-11.241294,25.033406,flat,-27,historical change between the 2024 and 2025 score dates; not a forecast,90,70,
12580,"Baltimore-Columbia-Towson, MD",60,200,0.206433,71.684515,72,70.000000,59.692780,76.146028,47.000000,79.000000,96,4.939089,A,14,2,2,2,2,2,2,2,1.000000,16,0.029707,,5,52.227322,25.089049,84.767397,53.108063,75.243160,49.850500,101,21.834015,11.428864,up,41,historical change between the 2024 and 2025 score dates; not a forecast,76,36,
41700,"San Antonio-New Braunfels, TX",61,200,0.206205,71.658853,72,69.500000,64.251734,79.264737,40.000000,70.000000,86,4.621683,A,13,2,2,2,2,1,2,2,1.000000,16,0.033600,,5,90.163652,86.564117,59.909374,22.433986,14.984406,56.540650,94,15.118203,11.349224,up,33,historical change between the 2024 and 2025 score dates; not a forecast,58,67,
28450,"Kenosha, WI",62,200,0.195396,70.431374,70,69.000000,41.460976,90.767041,19.000000,116.000000,134,14.921201,B,9,1,2,0,2,0,2,2,0.769231,0,0.097325,,5,83.024993,22.500696,91.981192,52.677262,14.351471,75.766570,50,-5.335196,26.534504,flat,-12,historical change between the 2024 and 2025 score dates; not a forecast,53,28,
17820,"Colorado Springs, CO",63,200,0.195097,70.396989,70,68.500000,54.056377,79.185222,41.000000,93.000000,109,7.716866,A,12,2,2,2,2,0,2,2,1.000000,16,0.055635,,5,43.862621,46.280168,59.451634,85.767287,59.996664,47.199130,110,23.197859,17.419686,up,47,historical change between the 2024 and 2025 score dates; not a forecast,49,69,
10900,"Allentown-Bethlehem-Easton, PA-NJ",64,200,0.194432,70.320636,70,68.000000,49.502754,80.317741,37.000000,102.000000,117,9.426527,A,12,2,2,2,2,0,2,2,1.000000,16,0.056164,,5,80.246178,45.148377,65.616532,34.361791,72.285401,46.969439,111,23.351197,21.682011,up,47,historical change between the 2024 and 2025 score dates; not a forecast,101,59,
12100,"Atlantic City-Hammonton, NJ",65,200,0.182543,68.940713,69,67.500000,34.506586,80.262305,36.000000,130.000000,146,14.010849,A,12,2,2,2,2,0,2,2,1.000000,16,0.083511,,5,15.726365,79.597641,43.992885,61.468009,91.102138,73.184386,60,-4.243674,28.640489,flat,-5,historical change between the 2024 and 2025 score dates; not a forecast,66,81,
12260,"Augusta-Richmond County, GA-SC",66,200,0.178325,68.444446,68,67.000000,35.685611,75.805619,45.000000,129.000000,138,12.488784,A,12,2,2,2,2,0,2,2,1.000000,16,0.086608,,5,52.942287,81.303781,33.111919,52.331437,79.256850,39.471712,124,28.972733,26.294918,up,58,historical change between the 2024 and 2025 score dates; not a forecast,113,96,
20500,"Durham-Chapel Hill, NC",67,200,0.175850,68.151710,68,66.500000,58.917796,83.606162,32.000000,81.000000,103,7.345195,A,12,2,2,2,2,0,2,2,1.000000,16,0.057937,,5,72.739638,56.870169,81.361056,34.088944,22.689406,31.050166,142,37.101543,17.325089,up,75,historical change between the 2024 and 2025 score dates; not a forecast,93,47,
11100,"Amarillo, TX",68,200,0.161033,66.375948,66,66.000000,34.786524,79.552287,39.000000,128.000000,141,13.811980,A,12,2,2,2,2,0,2,2,1.000000,16,0.098850,,5,92.170525,62.860919,26.853914,42.872572,74.089201,34.982382,139,31.393565,28.232586,up,71,historical change between the 2024 and 2025 score dates; not a forecast,103,100,
31180,"Lubbock, TX",69,200,0.159274,66.162634,66,65.500000,47.573178,84.422409,31.000000,106.000000,119,11.016562,A,12,2,2,2,2,0,2,2,1.000000,16,0.081698,,5,84.603768,83.249790,83.529204,7.725167,5.458581,55.562463,96,10.600171,24.557467,flat,27,historical change between the 2024 and 2025 score dates; not a forecast,85,46,
46700,"Vallejo, CA",70,200,0.158414,66.058139,66,65.000000,47.177207,81.218222,36.000000,106.000000,119,10.266472,A,12,2,2,2,2,0,2,2,1.000000,16,0.087632,,5,17.221103,49.945810,79.595922,24.532656,94.554308,18.470187,174,47.587953,21.368670,up,104,historical change between the 2024 and 2025 score dates; not a forecast,67,54,
39740,"Reading, PA",71,200,0.157822,65.986112,66,64.500000,45.975402,85.192202,28.000000,108.000000,123,11.669676,A,12,2,2,2,2,0,2,2,1.000000,16,0.091761,,5,51.205345,56.276076,70.390469,25.304522,77.982162,24.300782,158,41.685330,24.966284,up,87,historical change between the 2024 and 2025 score dates; not a forecast,77,62,
25420,"Harrisburg-Carlisle, PA",72,200,0.157277,65.919785,66,64.000000,49.145559,79.382133,39.000000,103.000000,118,9.370147,A,12,2,2,2,2,0,2,2,1.000000,16,0.068356,,5,43.088545,53.206813,64.596537,38.013154,84.415491,71.059770,64,-5.139985,19.926421,flat,-8,historical change between the 2024 and 2025 score dates; not a forecast,70,72,
41420,"Salem, OR",73,200,0.156793,65.860881,66,63.500000,39.762338,79.925937,37.000000,119.000000,131,12.360943,A,12,2,2,2,2,0,2,2,0.961538,16,0.081835,,5,81.653822,37.615928,39.022263,84.626702,54.158563,39.157467,125,26.703414,26.923011,flat,52,historical change between the 2024 and 2025 score dates; not a forecast,71,92,
14460,"Boston-Cambridge-Newton, MA-NH",74,200,0.154081,65.529751,66,63.000000,51.961795,67.263189,66.000000,96.000000,92,4.616464,A,14,2,2,2,2,2,2,2,1.000000,16,0.016577,,5,48.106703,59.373596,22.300068,84.588813,89.371023,60.628847,84,4.900905,10.117394,flat,10,historical change between the 2024 and 2025 score dates; not a forecast,36,105,
48620,"Wichita, KS",75,200,0.136684,63.378630,63,62.500000,47.298350,76.618061,46.000000,106.000000,113,8.974731,A,12,2,2,2,2,0,2,2,1.000000,16,0.058894,,5,32.898761,54.108255,79.689016,65.114196,25.270248,74.261846,56,-10.883216,18.410083,flat,-19,historical change between the 2024 and 2025 score dates; not a forecast,73,57,
22660,"Fort Collins-Loveland, CO",76,200,0.132262,62.824693,63,62.000000,44.684319,77.274052,43.000000,110.000000,117,9.529764,A,12,2,2,2,2,0,2,2,1.000000,16,0.070092,,5,17.634678,62.475150,47.423559,88.312329,62.465697,64.214530,73,-1.389837,22.465596,flat,-3,historical change between the 2024 and 2025 score dates; not a forecast,46,90,
12940,"Baton Rouge, LA",77,200,0.128821,62.391881,62,61.500000,43.618810,81.886886,34.000000,113.000000,124,11.936560,A,12,2,2,2,2,0,2,2,1.000000,16,0.076489,,5,50.264561,34.065779,95.808750,36.025185,9.278055,9.016484,189,53.375396,21.658030,up,112,historical change between the 2024 and 2025 score dates; not a forecast,142,29,
25060,"Gulfport-Biloxi, MS",78,200,0.127121,62.177387,62,61.000000,39.698949,81.379616,35.000000,121.000000,135,12.752929,A,12,2,2,2,2,0,2,2,1.000000,16,0.081350,,5,86.710711,37.722851,80.156501,25.170348,26.166236,83.050770,36,-20.873383,24.701655,flat,-42,historical change between the 2024 and 2025 score dates; not a forecast,41,58,
31540,"Madison, WI",79,200,0.122756,61.625229,62,60.500000,43.270281,69.261643,61.000000,113.000000,107,7.773442,A,13,2,2,2,2,1,2,2,1.000000,16,0.041196,,5,88.542363,75.924408,3.701769,91.943583,62.821631,58.730638,90,2.894590,16.167881,flat,11,historical change between the 2024 and 2025 score dates; not a forecast,43,140,
31080,"Los Angeles-Long Beach-Anaheim, CA",80,200,0.119733,61.241252,61,60.000000,52.614348,61.504744,76.000000,95.000000,87,2.666303,A,13,2,2,1,2,2,2,2,1.000000,8,0.010115,,5,22.022048,20.527154,50.391963,93.318734,90.644842,26.137725,150,35.103527,5.574937,up,70,historical change between the 2024 and 2025 score dates; not a forecast,54,88,
33100,"Miami-Fort Lauderdale-West Palm Beach, FL",81,200,0.115665,60.722966,61,59.500000,51.116150,62.800157,73.000000,97.000000,88,3.563793,A,14,2,2,2,2,2,2,2,1.000000,16,0.015890,,5,78.442130,71.156963,60.434779,21.059529,32.589152,73.934767,58,-13.211801,7.896248,down,-23,historical change between the 2024 and 2025 score dates; not a forecast,82,76,
39300,"Providence-Warwick, RI-MA",82,200,0.111523,60.193219,60,59.000000,44.315506,70.385058,59.000000,112.000000,109,7.967948,A,13,2,2,2,2,1,2,2,1.000000,16,0.036501,,5,19.176921,35.912946,56.934172,79.390845,86.523567,75.970098,48,-15.776879,16.540263,flat,-34,historical change between the 2024 and 2025 score dates; not a forecast,75,82,
24780,"Greenville, NC",83,200,0.101231,58.869135,59,58.500000,17.150999,80.673879,37.000000,164.000000,169,19.230894,A,12,2,2,2,2,0,2,2,0.961538,16,0.091766,,5,20.680999,47.340098,51.356356,75.543552,81.684218,37.136308,134,21.732827,39.240478,flat,51,historical change between the 2024 and 2025 score dates; not a forecast,60,91,
28140,"Kansas City, MO-KS",84,200,0.100158,58.730371,59,58.000000,49.951659,68.896047,61.000000,101.000000,100,5.774709,A,13,2,2,2,2,1,2,2,1.000000,16,0.031220,,5,59.333273,46.207482,62.504856,51.039377,48.584277,63.940181,76,-5.209810,11.702429,flat,-8,historical change between the 2024 and 2025 score dates; not a forecast,110,77,
42340,"Savannah, GA",85,200,0.099168,58.602438,59,57.500000,39.514243,78.130487,42.000000,119.000000,126,11.729239,A,12,2,2,2,2,0,2,2,1.000000,16,0.079318,,5,97.529676,54.915975,56.687631,12.550121,25.263354,83.972975,30,-25.370537,22.260134,down,-55,historical change between the 2024 and 2025 score dates; not a forecast,141,86,
41940,"San Jose-Sunnyvale-Santa Clara, CA",86,200,0.098745,58.547720,59,57.000000,49.174039,65.263464,69.000000,103.000000,97,5.027510,A,14,2,2,2,2,2,2,2,1.000000,16,0.027465,,5,12.301131,61.625165,18.689238,99.789643,46.360239,23.780339,160,34.767380,10.900350,up,74,historical change between the 2024 and 2025 score dates; not a forecast,29,116,
42540,"Scranton--Wilkes-Barre, PA",87,200,0.096438,58.248794,58,56.500000,37.667118,69.263045,60.000000,123.000000,120,9.571168,A,12,2,2,2,2,0,2,2,1.000000,16,0.072301,,5,45.998081,31.374057,79.475211,19.448340,84.317660,30.403055,144,27.845739,21.347998,up,57,historical change between the 2024 and 2025 score dates; not a forecast,72,64,
36500,"Olympia-Lacey-Tumwater, WA",88,200,0.092670,57.759761,58,56.000000,35.706357,79.378077,38.000000,126.000000,139,13.331603,A,12,2,2,2,2,0,2,2,1.000000,16,0.089467,,5,67.573726,51.765024,50.063769,75.269420,22.725455,56.716597,93,1.043164,29.097725,flat,5,historical change between the 2024 and 2025 score dates; not a forecast,108,95,
31140,"Louisville/Jefferson County, KY-IN",89,200,0.092202,57.698943,58,55.500000,39.140811,69.145297,61.000000,121.000000,118,8.963365,A,13,2,2,2,2,1,2,2,1.000000,16,0.044201,,5,31.904999,80.980589,45.706435,52.947073,47.187637,24.571850,157,33.127093,16.741772,up,68,historical change between the 2024 and 2025 score dates; not a forecast,83,97,
42660,"Seattle-Tacoma-Bellevue, WA",90,200,0.090029,57.416308,57,55.000000,48.379149,62.442921,74.000000,104.000000,93,4.376294,A,14,2,2,2,2,2,2,2,1.000000,16,0.019140,,5,25.702679,82.455545,7.797064,98.070291,59.058930,37.914488,130,19.501820,9.655058,up,40,historical change between the 2024 and 2025 score dates; not a forecast,37,134,
19100,"Dallas-Fort Worth-Arlington, TX",91,200,0.080627,56.189037,56,54.500000,51.447009,63.862229,71.000000,97.000000,90,3.672618,A,14,2,2,2,2,2,2,2,1.000000,16,0.015104,,5,88.784876,94.663217,21.151827,35.649971,8.240342,75.807474,49,-19.618437,7.083044,down,-42,historical change between the 2024 and 2025 score dates; not a forecast,74,117,
26980,"Iowa City, IA",92,200,0.071225,54.955831,55,54.000000,35.376901,78.425864,40.000000,128.000000,140,13.012667,A,12,2,2,2,2,0,2,2,0.961538,16,0.077516,,5,70.330035,63.325902,63.533091,5.947772,68.987987,11.505005,186,43.450826,24.584175,up,94,historical change between the 2024 and 2025 score dates; not a forecast,68,83,
21340,"El Paso, TX",93,200,0.070305,54.834847,55,53.500000,42.460420,75.423538,48.000000,115.000000,119,9.969530,A,12,2,2,2,2,0,2,2,1.000000,16,0.062308,,5,91.764489,9.398175,95.808750,5.122816,30.747109,63.469836,78,-8.634989,22.795746,flat,-15,historical change between the 2024 and 2025 score dates; not a forecast,131,35,
16740,"Charlotte-Concord-Gastonia, NC-SC",94,200,0.065466,54.197985,54,53.000000,44.333607,64.408996,71.000000,113.000000,100,6.123627,A,14,2,2,2,2,2,2,2,1.000000,16,0.025852,,5,59.444660,94.681325,19.973911,50.797427,20.990461,63.258252,79,-9.060266,12.818419,flat,-15,historical change between the 2024 and 2025 score dates; not a forecast,86,121,
15540,"Burlington-South Burlington, VT",95,200,0.056255,52.982902,53,52.500000,21.535469,64.895264,68.000000,156.000000,141,13.357648,A,12,2,2,2,2,0,2,2,1.000000,16,0.091556,,5,69.450583,36.717619,8.833088,94.379466,85.178678,53.445849,97,-0.462948,30.347768,flat,2,historical change between the 2024 and 2025 score dates; not a forecast,63,137,
36740,"Orlando-Kissimmee-Sanford, FL",96,200,0.051490,52.353149,52,52.000000,46.005809,63.263976,73.000000,109.000000,96,5.292882,A,13,2,2,2,2,1,2,2,1.000000,16,0.032192,,5,81.741006,97.404365,20.669775,23.656126,8.103158,93.869327,13,-41.516178,9.212514,down,-83,historical change between the 2024 and 2025 score dates; not a forecast,94,123,
40060,"Richmond, VA",97,200,0.041994,51.096476,51,51.500000,37.739539,62.468173,74.000000,123.000000,110,7.588577,A,13,2,2,2,2,1,2,2,1.000000,16,0.037700,,5,72.868046,72.305258,32.231917,38.713776,41.521846,44.551126,113,6.545350,15.962647,flat,16,historical change between the 2024 and 2025 score dates; not a forecast,112,113,
45940,"Trenton-Princeton, NJ",98,200,0.036588,50.380457,50,51.000000,25.108762,70.597857,57.000000,147.000000,143,13.894031,A,12,2,2,2,2,0,2,2,0.961538,16,0.068323,,5,42.584651,70.504183,23.355312,59.515324,73.361405,38.158211,129,12.222246,33.557249,flat,31,historical change between the 2024 and 2025 score dates; not a forecast,114,122,
29460,"Lakeland-Winter Haven, FL",99,200,0.034949,50.163324,50,50.500000,28.532798,68.172040,64.000000,139.000000,129,11.962573,A,12,2,2,2,2,0,2,2,1.000000,16,0.087093,,5,52.211496,99.240724,12.061012,20.239040,30.231050,71.825825,62,-21.662501,26.780547,flat,-37,historical change between the 2024 and 2025 score dates; not a forecast,124,135,
13820,"Birmingham, AL",100,200,0.033869,50.020281,50,50.000000,30.930409,61.058546,77.000000,135.000000,119,9.058277,A,12,2,2,2,2,0,2,2,1.000000,16,0.050830,,5,56.406255,49.278980,56.111451,41.710975,45.211690,60.405464,86,-10.385184,18.830143,flat,-14,historical change between the 2024 and 2025 score dates; not a forecast,100,98,
19660,"Deltona-Daytona Beach-Ormond Beach, FL",101,200,0.033563,49.979719,50,49.500000,35.323465,73.565319,53.000000,127.000000,127,11.549352,A,12,2,2,2,2,0,2,2,1.000000,16,0.081104,,5,34.123399,91.972691,69.587998,8.109441,15.249335,61.397274,83,-11.417554,25.784591,flat,-18,historical change between the 2024 and 2025 score dates; not a forecast,128,84,
14010,"Bloomington, IL",102,200,0.030569,49.583162,50,49.000000,18.472542,80.435275,36.000000,160.000000,167,19.319682,B,11,2,2,1,2,0,2,2,0.961538,8,0.100096,,5,74.497922,37.803731,78.393960,52.253180,3.332611,81.788260,38,-32.205097,36.525770,flat,-64,historical change between the 2024 and 2025 score dates; not a forecast,146,74,
14860,"Bridgeport-Stamford-Danbury, CT",103,200,0.021717,48.411011,48,48.500000,35.585396,65.696965,67.000000,128.000000,120,9.073203,B,11,2,2,2,2,0,1,2,1.000000,16,0.053356,,5,54.168194,56.237310,29.920672,54.636780,69.290606,75.505066,51,-27.094055,18.504786,down,-52,historical change between the 2024 and 2025 score dates; not a forecast,92,118,CT planning-region delineation break (CL-025)
45060,"Syracuse, NY",104,200,0.021267,48.351392,48,48.000000,25.005180,62.520887,74.000000,149.000000,131,11.210987,A,12,2,2,2,2,0,2,2,1.000000,16,0.050894,,5,43.864834,10.414097,77.308379,32.751971,88.635850,22.659121,164,25.692271,20.566662,up,60,historical change between the 2024 and 2025 score dates; not a forecast,135,75,
41500,"Salinas, CA",105,200,0.019173,48.074335,48,47.500000,32.880557,68.165261,63.000000,132.000000,125,10.448659,A,12,2,2,2,2,0,2,2,1.000000,16,0.074235,,5,18.119154,8.285761,65.572931,89.695031,81.268142,23.160784,163,24.913551,21.705010,up,58,historical change between the 2024 and 2025 score dates; not a forecast,102,93,
10740,"Albuquerque, NM",106,200,0.018120,47.934987,48,47.000000,32.081317,61.625451,75.000000,134.000000,120,9.103036,A,12,2,2,2,2,0,2,2,1.000000,16,0.056731,,5,79.761950,23.676907,65.300334,70.551301,9.493975,73.924844,59,-25.989857,19.122265,down,-47,historical change between the 2024 and 2025 score dates; not a forecast,119,94,
15180,"Brownsville-Harlingen, TX",107,200,0.008700,46.690072,47,46.500000,21.257155,68.680709,62.000000,155.000000,142,14.399071,A,12,2,2,2,2,0,2,2,1.000000,16,0.103609,,5,44.599189,57.926316,45.968262,11.881927,90.346226,62.537456,80,-15.847383,28.808525,flat,-27,historical change between the 2024 and 2025 score dates; not a forecast,140,108,
40140,"Riverside-San Bernardino-Ontario, CA",108,200,0.006263,46.368398,46,46.000000,37.581967,55.128048,90.000000,123.000000,101,5.098261,A,14,2,2,2,2,2,2,2,1.000000,16,0.027629,,5,35.839679,44.356222,54.895479,42.579039,67.009346,21.277824,168,25.090574,9.810430,up,60,historical change between the 2024 and 2025 score dates; not a forecast,117,103,
13380,"Bellingham, WA",109,200,0.005685,46.292215,46,45.500000,18.521086,70.282448,58.000000,162.000000,154,15.918989,A,12,2,2,2,2,0,2,2,0.961538,16,0.095396,,5,21.536029,60.608387,9.870762,94.426190,82.295426,15.457354,181,30.834861,29.997311,up,72,historical change between the 2024 and 2025 score dates; not a forecast,56,144,
24340,"Grand Rapids-Wyoming-Kentwood, MI",110,200,0.005594,46.280194,46,45.000000,31.336965,54.077623,91.000000,134.000000,111,7.077896,A,13,2,2,2,2,1,2,2,1.000000,16,0.042995,,5,23.733845,59.935407,29.617225,69.745317,74.774613,87.894885,23,-41.614691,13.301830,down,-87,historical change between the 2024 and 2025 score dates; not a forecast,97,119,
28660,"Killeen-Temple, TX",111,200,0.002082,45.817267,46,44.500000,30.019373,70.757482,57.000000,137.000000,134,12.247182,A,12,2,2,2,2,0,2,2,1.000000,16,0.094967,,5,49.124120,56.026665,78.810614,26.491193,10.060501,40.408886,121,5.408381,25.091209,flat,10,historical change between the 2024 and 2025 score dates; not a forecast,127,78,
12540,"Bakersfield-Delano, CA",112,200,0.000473,45.605370,46,44.000000,28.389828,61.327195,76.000000,141.000000,125,9.941602,A,12,2,2,2,2,0,2,2,1.000000,16,0.071673,,5,21.383126,34.632445,77.646425,18.162954,81.239166,49.552536,102,-3.947166,22.017294,flat,-10,historical change between the 2024 and 2025 score dates; not a forecast,107,80,
33460,"Minneapolis-St. Paul-Bloomington, MN-WI",113,200,-0.003875,45.033374,45,43.500000,37.497222,52.441051,96.000000,122.000000,94,4.495175,A,14,2,2,2,2,2,2,2,1.000000,16,0.019561,,5,42.040700,45.370054,44.489693,68.085787,43.618463,28.213821,147,16.819553,9.163474,up,34,historical change between the 2024 and 2025 score dates; not a forecast,88,109,
39900,"Reno, NV",114,200,-0.005549,44.813486,45,43.000000,28.520841,58.669982,83.000000,141.000000,120,9.308222,A,13,2,2,2,2,1,2,2,1.000000,16,0.049747,,5,40.830623,93.985895,2.482577,84.254759,56.604127,22.108364,165,22.705122,18.608128,up,51,historical change between the 2024 and 2025 score dates; not a forecast,61,165,
29540,"Lancaster, PA",115,200,-0.005592,44.807824,45,42.500000,27.404342,65.144382,68.000000,141.000000,129,11.112805,A,12,2,2,2,2,0,2,2,1.000000,16,0.071360,,5,45.231597,34.389698,52.356833,47.867425,66.480125,41.208279,120,3.599545,23.583081,flat,5,historical change between the 2024 and 2025 score dates; not a forecast,104,104,
33860,"Montgomery, AL",116,200,-0.006817,44.646902,45,42.000000,23.129044,68.428219,61.000000,153.000000,142,13.689603,A,12,2,2,2,2,0,2,2,1.000000,16,0.119260,,5,50.213173,30.526872,91.760105,13.546118,17.348668,70.478931,66,-25.832029,28.280910,flat,-50,historical change between the 2024 and 2025 score dates; not a forecast,129,61,
37100,"Oxnard-Thousand Oaks-Ventura, CA",117,200,-0.007431,44.566320,45,41.500000,30.938145,61.438319,75.000000,136.000000,121,9.505903,A,12,2,2,2,2,0,2,2,1.000000,16,0.060230,,5,43.835249,15.517280,37.968597,96.304850,47.411922,35.704510,137,8.861810,19.831140,flat,20,historical change between the 2024 and 2025 score dates; not a forecast,126,115,
25540,"Hartford-West Hartford-East Hartford, CT",118,200,-0.010381,44.179462,44,41.000000,31.243579,56.200532,89.000000,134.000000,111,7.265619,A,12,2,2,2,2,1,1,2,1.000000,16,0.041306,,5,63.931126,19.085205,49.936231,41.933632,81.344990,37.485654,132,6.693808,17.791773,flat,14,historical change between the 2024 and 2025 score dates; not a forecast,106,107,CT planning-region delineation break (CL-025)
38300,"Pittsburgh, PA",119,200,-0.014723,43.611085,44,40.500000,30.443066,49.088521,103.000000,136.000000,97,5.600664,A,14,2,2,2,2,2,2,2,1.000000,16,0.029031,,5,39.950149,26.327743,59.923587,52.256857,63.501071,36.937057,135,6.674028,11.641994,flat,16,historical change between the 2024 and 2025 score dates; not a forecast,111,102,
30700,"Lincoln, NE",120,200,-0.017556,43.240945,43,40.000000,23.471939,62.254134,74.000000,152.000000,133,11.527527,A,12,2,2,2,2,0,2,2,0.961538,16,0.056455,,5,59.590415,70.262037,13.652567,69.854669,49.969588,68.829571,70,-25.588626,24.229750,down,-50,historical change between the 2024 and 2025 score dates; not a forecast,79,143,
47260,"Virginia Beach-Chesapeake-Norfolk, VA-NC",121,200,-0.038462,40.529627,41,39.500000,33.127693,50.747902,99.000000,131.000000,100,5.349775,A,13,2,2,2,2,1,2,2,1.000000,16,0.035579,,5,54.545773,19.593872,78.677083,31.147394,35.271830,39.110332,127,1.419295,11.584887,flat,6,historical change between the 2024 and 2025 score dates; not a forecast,118,89,
23060,"Fort Wayne, IN",122,200,-0.046738,39.467982,39,39.000000,22.002282,57.607889,83.000000,154.000000,129,10.768160,A,12,2,2,2,2,0,2,2,1.000000,16,0.076731,,5,22.405771,72.755571,31.438240,34.596939,73.529196,50.875248,99,-11.407266,22.858838,flat,-23,historical change between the 2024 and 2025 score dates; not a forecast,116,126,
28020,"Kalamazoo-Portage, MI",123,200,-0.048284,39.270500,39,38.500000,25.220724,66.279880,66.000000,149.000000,135,12.377582,A,12,2,2,2,2,0,2,2,1.000000,16,0.080023,,5,43.880913,26.328592,81.501782,64.532803,3.835030,75.172700,54,-35.902200,25.749474,down,-69,historical change between the 2024 and 2025 score dates; not a forecast,99,87,
20260,"Duluth, MN-WI",124,200,-0.055263,38.382631,38,38.000000,14.253246,57.312032,85.000000,169.000000,138,12.932710,A,12,2,2,2,2,0,2,2,1.000000,16,0.072160,,5,48.338535,20.150537,35.354854,67.232877,78.813719,24.816552,156,13.566079,25.853084,flat,32,historical change between the 2024 and 2025 score dates; not a forecast,120,125,
15940,"Canton-Massillon, OH",125,200,-0.075779,35.809016,36,37.500000,20.957028,64.703625,70.000000,156.000000,141,13.108488,A,12,2,2,2,2,0,2,2,0.961538,16,0.098959,,5,22.882374,12.760782,87.363268,69.954108,10.900126,47.238496,109,-11.429480,27.265952,flat,-16,historical change between the 2024 and 2025 score dates; not a forecast,154,79,
41060,"St. Cloud, MN",126,200,-0.076765,35.686776,36,37.000000,19.010380,77.478931,42.000000,159.000000,162,17.768269,A,12,2,2,2,2,0,2,2,1.000000,16,0.095329,,5,31.413346,51.168104,62.989371,38.662431,20.779867,23.297145,162,12.389632,34.508957,flat,36,historical change between the 2024 and 2025 score dates; not a forecast,132,106,
41860,"San Francisco-Oakland-Fremont, CA",127,200,-0.080800,35.188289,35,36.500000,28.030311,41.565303,116.000000,141.000000,84,4.131798,A,14,2,2,2,2,2,2,2,1.000000,16,0.016622,,5,3.349432,45.732841,18.774523,98.882936,59.124420,25.623916,152,9.564373,8.498445,up,25,historical change between the 2024 and 2025 score dates; not a forecast,65,146,
37980,"Philadelphia-Camden-Wilmington, PA-NJ-DE-MD",128,200,-0.081443,35.109069,35,36.000000,29.803319,43.482068,113.000000,138.000000,87,4.130852,A,14,2,2,2,2,2,2,2,1.000000,16,0.020282,,5,43.919366,37.178402,56.730140,22.025435,59.333371,64.140584,74,-29.031516,8.744303,down,-54,historical change between the 2024 and 2025 score dates; not a forecast,130,112,
19740,"Denver-Aurora-Centennial, CO",129,200,-0.090997,33.940067,34,35.500000,28.699384,42.649449,115.000000,140.000000,85,4.298601,A,14,2,2,2,2,2,2,2,1.000000,16,0.021383,,5,25.773415,59.692046,19.031590,91.582762,23.656300,42.686628,115,-8.746560,10.112731,flat,-14,historical change between the 2024 and 2025 score dates; not a forecast,98,149,
42220,"Santa Rosa-Petaluma, CA",130,200,-0.091254,33.908790,34,35.000000,18.385956,54.582951,89.000000,162.000000,133,11.232549,A,12,2,2,2,2,0,2,2,1.000000,16,0.075606,,5,11.104216,11.466945,32.318249,93.229160,90.061674,15.534563,180,18.374228,20.307424,flat,50,historical change between the 2024 and 2025 score dates; not a forecast,81,132,
22420,"Flint, MI",131,200,-0.100641,32.775404,33,34.500000,13.597164,58.467406,81.000000,169.000000,143,13.498051,A,12,2,2,2,2,0,2,2,1.000000,16,0.083459,,5,17.394841,10.704448,76.053822,40.185641,76.186454,18.210686,175,14.564718,26.622133,flat,44,historical change between the 2024 and 2025 score dates; not a forecast,139,99,
35840,"North Port-Bradenton-Sarasota, FL",132,200,-0.102103,32.600365,33,34.000000,23.090671,53.499837,93.000000,153.000000,123,9.350549,B,11,2,2,1,2,0,2,2,1.000000,11,0.057647,,5,70.447171,98.239137,18.329015,8.736510,3.425376,91.820152,16,-59.219787,17.180372,down,-116,historical change between the 2024 and 2025 score dates; not a forecast,166,151,
16980,"Chicago-Naperville-Elgin, IL-IN",133,200,-0.106956,32.021756,32,33.500000,24.531273,35.251340,129.000000,149.000000,75,3.317674,A,14,2,2,2,2,2,2,2,1.000000,16,0.015800,,5,26.025975,24.911055,39.406528,43.391888,89.398439,49.114435,104,-17.092679,7.444372,down,-29,historical change between the 2024 and 2025 score dates; not a forecast,123,129,
11540,"Appleton, WI",134,200,-0.109984,31.662994,32,33.000000,15.230657,58.340407,82.000000,168.000000,142,13.211555,A,12,2,2,2,2,0,2,2,0.961538,16,0.080139,,5,35.795895,45.188191,51.601368,49.202573,21.600056,58.746426,89,-27.083432,28.261157,flat,-45,historical change between the 2024 and 2025 score dates; not a forecast,84,120,
46060,"Tucson, AZ",135,200,-0.121097,30.361088,30,32.500000,19.553367,46.889030,107.000000,160.000000,110,8.368614,A,13,2,2,2,2,1,2,2,1.000000,16,0.044486,,5,51.090111,67.364725,19.123293,62.553251,19.663883,25.296445,153,5.064643,17.223740,flat,18,historical change between the 2024 and 2025 score dates; not a forecast,91,154,
36540,"Omaha, NE-IA",136,200,-0.125732,29.825223,30,32.000000,19.091753,37.359399,124.000000,160.000000,90,5.491145,A,13,2,2,2,2,1,2,2,1.000000,16,0.037918,,5,63.983921,55.745260,4.916366,73.671676,64.930291,55.660610,95,-25.835387,13.768949,down,-41,historical change between the 2024 and 2025 score dates; not a forecast,125,173,
41740,"San Diego-Chula Vista-Carlsbad, CA",137,200,-0.131973,29.110529,29,31.500000,22.807420,35.061703,128.000000,152.000000,80,3.652751,A,14,2,2,2,2,2,2,2,1.000000,16,0.021065,,5,41.603854,20.854408,14.886303,92.767361,61.605089,34.450668,140,-5.340139,8.427332,flat,3,historical change between the 2024 and 2025 score dates; not a forecast,115,156,
17140,"Cincinnati, OH-KY-IN",138,200,-0.134256,28.851178,29,31.000000,18.791047,39.228871,121.000000,161.000000,97,6.286650,A,13,2,2,2,2,1,2,2,1.000000,16,0.034302,,5,35.157946,44.166338,33.542778,40.064784,59.452658,69.042470,69,-40.191292,12.905719,down,-69,historical change between the 2024 and 2025 score dates; not a forecast,134,139,
33700,"Modesto, CA",139,200,-0.135096,28.755979,29,30.500000,14.490438,52.826234,94.000000,169.000000,136,12.220643,A,12,2,2,2,2,0,2,2,1.000000,16,0.093853,,5,12.707078,30.175237,68.080150,35.671346,52.361269,58.797280,88,-30.041301,26.749862,down,-51,historical change between the 2024 and 2025 score dates; not a forecast,137,110,
37340,"Palm Bay-Melbourne-Titusville, FL",140,200,-0.142998,27.868112,28,30.000000,18.727892,48.866780,103.000000,161.000000,117,9.143766,A,12,2,2,2,2,0,2,2,1.000000,16,0.066336,,5,26.113433,92.956933,49.850005,6.306372,7.465078,47.343944,108,-19.475832,23.586583,flat,-32,historical change between the 2024 and 2025 score dates; not a forecast,153,127,
28880,"Kiryas Joel-Poughkeepsie-Newburgh, NY",141,200,-0.145671,27.570820,28,29.500000,14.318536,36.103979,126.000000,170.000000,96,6.734946,B,9,1,2,0,2,0,2,2,0.807692,0,0.054987,,5,64.668078,30.581654,10.826050,20.008980,98.459681,35.292549,138,-7.721729,13.913505,flat,-3,historical change between the 2024 and 2025 score dates; not a forecast,151,164,
36260,"Ogden, UT",142,200,-0.146258,27.505682,28,29.000000,13.789399,41.589558,117.000000,171.000000,105,8.509688,A,12,2,2,2,2,0,2,2,1.000000,16,0.080142,,5,42.041643,24.820586,23.043875,91.486793,28.438129,74.104915,57,-46.599233,18.496842,down,-85,historical change between the 2024 and 2025 score dates; not a forecast,159,152,
14740,"Bremerton-Silverdale-Port Orchard, WA",143,200,-0.148067,27.305631,27,28.500000,7.785055,59.425209,79.000000,182.000000,149,16.086216,A,12,2,2,2,2,0,2,2,1.000000,16,0.095198,,5,5.107920,67.947448,16.528977,78.902439,64.675758,4.042147,197,23.263485,26.956344,flat,54,historical change between the 2024 and 2025 score dates; not a forecast,121,157,
12060,"Atlanta-Sandy Springs-Roswell, GA",144,200,-0.149111,27.190451,27,28.000000,24.687130,35.484898,128.000000,150.000000,78,3.408154,A,14,2,2,2,2,2,2,2,1.000000,16,0.021873,,5,71.272159,65.728590,28.547069,26.625919,12.620789,29.828783,146,-2.638332,7.952781,flat,2,historical change between the 2024 and 2025 score dates; not a forecast,150,148,
35300,"New Haven, CT",145,200,-0.159471,26.061090,26,27.500000,24.098362,29.761537,140.000000,150.000000,62,1.765846,D,6,0,2,0,2,0,0,2,0.192308,0,,(a) < 60% forces D; CT_DROP forced D,1,42.225468,,,,,60.430981,85,-34.369891,4.085145,down,-60,historical change between the 2024 and 2025 score dates; not a forecast,147,133,Demand-only composite – CT delineation break (CL-025/D-03)
37900,"Peoria, IL",146,200,-0.160698,25.929011,26,27.000000,9.224529,46.104929,107.000000,178.000000,119,11.544524,A,12,2,2,2,2,0,2,2,1.000000,16,0.092202,,5,38.425119,2.941158,72.246638,57.040281,55.252092,4.989870,195,20.939141,20.001922,up,49,historical change between the 2024 and 2025 score dates; not a forecast,148,111,
18140,"Columbus, OH",147,200,-0.164117,25.562614,26,26.500000,21.221137,35.373786,127.000000,156.000000,85,4.276296,A,13,2,2,2,2,1,2,2,1.000000,16,0.032493,,5,49.618736,64.275288,14.300941,36.614020,53.192597,45.789346,112,-20.226732,10.316857,down,-35,historical change between the 2024 and 2025 score dates; not a forecast,158,160,
37860,"Pensacola-Ferry Pass-Brent, FL",148,200,-0.169130,25.030356,25,26.000000,12.867201,49.936708,100.000000,171.000000,127,11.288897,A,12,2,2,2,2,0,2,2,1.000000,16,0.098045,,5,27.938830,46.260549,59.887020,15.534019,35.097370,89.203068,21,-64.172712,20.557222,down,-127,historical change between the 2024 and 2025 score dates; not a forecast,170,124,
45220,"Tallahassee, FL",149,200,-0.174905,24.424618,24,25.500000,15.482929,46.212200,108.000000,167.000000,116,9.484314,A,12,2,2,2,2,0,2,2,1.000000,16,0.067569,,5,61.317794,57.373237,55.624050,1.824816,35.451037,50.149500,100,-25.724882,23.232523,down,-49,historical change between the 2024 and 2025 score dates; not a forecast,174,128,
17860,"Columbia, MO",150,200,-0.175244,24.389270,24,25.000000,5.092093,40.664103,119.000000,187.000000,111,10.927472,A,12,2,2,2,2,0,2,2,1.000000,16,0.098972,,5,43.410838,57.381424,2.637524,92.630700,50.264563,39.154400,126,-14.765130,27.098109,flat,-24,historical change between the 2024 and 2025 score dates; not a forecast,138,181,
19430,"Dayton-Kettering-Beavercreek, OH",151,200,-0.179823,23.915026,24,24.500000,16.072590,42.053078,116.000000,166.000000,104,7.935764,B,10,2,2,0,2,0,2,2,1.000000,3,0.064351,,5,31.167614,26.042300,71.436892,15.135233,37.226109,70.668632,65,-46.753606,17.458554,down,-86,historical change between the 2024 and 2025 score dates; not a forecast,165,114,
33340,"Milwaukee-Waukesha, WI",152,200,-0.184845,23.400633,23,24.000000,15.802567,30.275546,138.000000,166.000000,78,4.413617,A,13,2,2,2,2,1,2,2,1.000000,16,0.031551,,5,32.585068,22.431614,22.211412,73.552126,65.872383,27.648366,148,-4.247733,10.267617,flat,-4,historical change between the 2024 and 2025 score dates; not a forecast,133,155,
41180,"St. Louis, MO-IL",153,200,-0.194205,22.458691,22,23.500000,14.456727,31.081292,136.000000,168.000000,83,5.030212,A,13,2,2,2,2,1,2,2,1.000000,16,0.035077,,5,34.794529,15.530804,46.025958,53.487303,49.500561,37.493011,131,-15.034320,11.179647,down,-22,historical change between the 2024 and 2025 score dates; not a forecast,149,138,
38900,"Portland-Vancouver-Hillsboro, OR-WA",154,200,-0.196580,22.223122,22,23.000000,15.845642,29.933963,138.000000,166.000000,78,4.217405,A,14,2,2,2,2,2,2,2,1.000000,16,0.023763,,5,19.794342,34.809875,14.069656,92.203627,43.195593,42.355101,117,-20.131979,10.108931,down,-37,historical change between the 2024 and 2025 score dates; not a forecast,105,167,
40380,"Rochester, NY",155,200,-0.197980,22.084953,22,22.500000,12.593723,33.718481,130.000000,172.000000,90,6.272408,A,13,2,2,2,2,1,2,2,1.000000,16,0.041916,,5,38.212524,14.461738,53.224254,21.021993,73.814885,26.007930,151,-3.922977,14.544709,flat,-4,historical change between the 2024 and 2025 score dates; not a forecast,152,131,
15380,"Buffalo-Cheektowaga, NY",156,200,-0.211829,20.744669,21,22.000000,11.587850,29.941143,138.000000,174.000000,81,5.608995,A,13,2,2,2,2,1,2,2,1.000000,16,0.045798,,5,22.308424,9.382744,50.085011,46.160310,77.166248,48.269118,106,-27.524449,13.565551,down,-50,historical change between the 2024 and 2025 score dates; not a forecast,155,136,
31700,"Manchester-Nashua, NH",157,200,-0.222989,19.700504,20,21.500000,5.825489,39.257609,121.000000,185.000000,109,10.290072,A,12,2,2,2,2,0,2,2,0.961538,16,0.072441,,5,21.685398,44.886038,14.655673,57.246441,69.529909,19.986358,171,-0.285853,20.675140,flat,14,historical change between the 2024 and 2025 score dates; not a forecast,109,170,
49620,"York-Hanover, PA",158,200,-0.227480,19.289388,19,21.000000,9.472192,50.511278,98.000000,178.000000,130,12.373251,A,12,2,2,2,2,0,2,2,0.961538,16,0.103209,,5,20.223406,48.607421,42.181469,55.473537,10.188999,83.426113,33,-64.136725,24.344008,down,-125,historical change between the 2024 and 2025 score dates; not a forecast,176,150,
15980,"Cape Coral-Fort Myers, FL",159,200,-0.228918,19.158867,19,20.500000,10.318147,41.707530,117.000000,176.000000,107,9.345077,A,12,2,2,2,2,0,2,2,1.000000,16,0.060800,,5,77.416763,87.565355,16.701103,26.561345,0.521613,15.425143,182,3.733724,18.380640,flat,23,historical change between the 2024 and 2025 score dates; not a forecast,184,169,
36780,"Oshkosh-Neenah, WI",160,200,-0.233951,18.706415,19,20.000000,7.995864,42.517882,115.000000,182.000000,112,10.986991,A,12,2,2,2,2,0,2,2,0.961538,16,0.085890,,5,27.365466,40.159091,23.057326,43.735559,56.848743,20.494057,169,-1.787642,22.417558,flat,9,historical change between the 2024 and 2025 score dates; not a forecast,156,161,
40420,"Rockford, IL",161,200,-0.236961,18.438982,18,19.500000,7.834819,38.943364,120.000000,182.000000,108,9.677333,A,12,2,2,2,2,0,2,2,1.000000,16,0.096472,,5,9.815109,35.600814,50.215587,33.959897,48.389132,9.340059,188,9.098923,17.233678,flat,27,historical change between the 2024 and 2025 score dates; not a forecast,143,141,
16580,"Champaign-Urbana, IL",162,200,-0.246436,17.612783,18,19.000000,7.859570,34.057628,130.000000,182.000000,95,8.270763,A,12,2,2,2,2,0,2,2,1.000000,16,0.070514,,5,49.786827,85.096380,20.245276,2.010028,41.007360,7.216763,193,10.396021,14.666520,flat,31,historical change between the 2024 and 2025 score dates; not a forecast,136,168,
17410,"Cleveland, OH",163,200,-0.247465,17.524476,18,18.500000,12.307834,22.753369,154.000000,173.000000,63,3.175916,B,10,1,2,0,2,1,2,2,0.807692,0,0.030436,,5,36.813788,17.252003,48.306891,27.123934,50.420507,24.004158,159,-6.479682,6.571321,flat,-4,historical change between the 2024 and 2025 score dates; not a forecast,157,145,
49340,"Worcester, MA",164,200,-0.260974,16.391480,16,18.000000,7.278941,27.658285,144.000000,183.000000,78,6.415921,A,12,2,2,2,2,0,2,2,1.000000,16,0.051760,,5,40.216437,15.579998,11.169019,48.704700,93.634498,49.159029,103,-32.767549,15.650147,down,-61,historical change between the 2024 and 2025 score dates; not a forecast,161,175,
40340,"Rochester, MN",165,200,-0.272481,15.464691,15,17.500000,4.633356,37.394914,123.000000,188.000000,107,10.381607,A,12,2,2,2,2,0,2,2,1.000000,16,0.092016,,5,78.882150,22.488161,6.910095,77.871674,25.918866,5.985677,194,9.479014,20.819433,flat,29,historical change between the 2024 and 2025 score dates; not a forecast,180,183,
49180,"Winston-Salem, NC",166,200,-0.274508,15.305135,15,17.000000,6.528066,26.176786,145.000000,184.000000,79,6.085243,A,12,2,2,2,2,0,2,2,1.000000,16,0.075098,,5,8.766069,80.690639,4.592194,23.247107,92.307885,58.124817,92,-42.819683,19.157492,down,-74,historical change between the 2024 and 2025 score dates; not a forecast,145,187,
12020,"Athens-Clarke County, GA",167,200,-0.279836,14.890856,15,16.500000,7.108200,44.395267,111.000000,183.000000,116,11.582607,A,12,2,2,2,2,0,2,2,1.000000,16,0.092074,,5,83.737637,40.625210,15.566086,23.719570,18.306547,83.382892,34,-68.492036,21.763793,down,-133,historical change between the 2024 and 2025 score dates; not a forecast,190,174,
11460,"Ann Arbor, MI",168,200,-0.279988,14.879203,15,16.000000,8.410349,38.826159,121.000000,181.000000,108,9.625587,A,12,2,2,2,2,0,2,2,1.000000,16,0.056973,,5,38.093398,38.268311,47.058463,5.118416,46.490474,15.603237,179,-0.724035,19.479945,flat,11,historical change between the 2024 and 2025 score dates; not a forecast,163,153,
24660,"Greensboro-High Point, NC",169,200,-0.281217,14.784702,15,15.500000,7.021256,27.238044,143.000000,183.000000,78,6.375195,A,12,2,2,2,2,0,2,2,1.000000,16,0.056505,,5,30.241429,67.810097,8.671001,31.354348,54.107031,23.576294,161,-8.791591,14.019387,flat,-8,historical change between the 2024 and 2025 score dates; not a forecast,175,180,
35380,"New Orleans-Metairie, LA",170,200,-0.306384,12.939079,13,15.000000,6.554429,24.233234,151.000000,184.000000,73,5.328610,A,12,2,2,2,2,0,2,2,1.000000,16,0.056094,,5,31.182711,1.767079,74.788755,18.146135,65.927260,0.524399,200,12.414680,8.793753,up,30,historical change between the 2024 and 2025 score dates; not a forecast,169,130,
10420,"Akron, OH",171,200,-0.307280,12.876465,13,14.500000,6.518788,26.426504,146.000000,184.000000,79,6.136570,A,12,2,2,2,2,0,2,2,1.000000,16,0.062629,,5,9.293330,33.230242,36.419253,42.199586,43.591617,62.077679,81,-49.201214,17.520247,down,-90,historical change between the 2024 and 2025 score dates; not a forecast,173,159,
42200,"Santa Maria-Santa Barbara, CA",172,200,-0.311064,12.614276,13,14.000000,7.464659,34.407532,130.000000,182.000000,95,8.495187,B,11,2,2,1,2,0,2,2,1.000000,8,0.071825,,5,9.810835,12.446216,38.480306,71.366632,45.716043,14.133855,183,-1.519579,16.230741,flat,11,historical change between the 2024 and 2025 score dates; not a forecast,172,158,
45300,"Tampa-St. Petersburg-Clearwater, FL",173,200,-0.314767,12.361377,12,13.500000,10.497923,21.990119,155.000000,176.000000,64,3.499440,A,13,2,2,2,2,1,2,2,1.000000,16,0.030497,,5,38.726993,87.589486,16.978403,8.868416,8.492883,71.285949,63,-58.924572,8.552917,down,-110,historical change between the 2024 and 2025 score dates; not a forecast,167,176,
19820,"Detroit-Warren-Dearborn, MI",174,200,-0.342048,10.607105,11,13.000000,8.288828,16.827581,165.000000,181.000000,54,2.632723,A,14,2,2,2,2,2,2,2,1.000000,16,0.024669,,5,8.878487,35.789406,42.202355,19.970405,45.644718,37.344346,133,-26.737241,8.167432,down,-41,historical change between the 2024 and 2025 score dates; not a forecast,171,162,
46540,"Utica-Rome, NY",175,200,-0.344871,10.436437,10,12.500000,2.691466,36.606483,126.000000,192.000000,105,10.767638,A,12,2,2,2,2,0,2,2,1.000000,16,0.095963,,5,11.781234,4.457984,70.599501,10.618456,79.844764,21.922076,167,-11.485639,24.258797,flat,-8,historical change between the 2024 and 2025 score dates; not a forecast,187,142,
24580,"Green Bay, WI",176,200,-0.361140,9.491375,9,12.000000,3.637966,28.214464,142.000000,190.000000,81,7.843066,A,12,2,2,2,2,0,2,2,1.000000,16,0.071717,,5,59.986931,13.937163,11.257018,82.361471,13.494485,68.685824,71,-59.194449,19.404031,down,-105,historical change between the 2024 and 2025 score dates; not a forecast,186,185,
19340,"Davenport-Moline-Rock Island, IA-IL",177,200,-0.366432,9.198013,9,11.500000,2.262127,21.897077,155.000000,193.000000,72,6.266949,A,12,2,2,2,2,0,2,2,1.000000,16,0.072102,,5,14.531354,21.447664,15.483478,45.041118,77.661002,4.587620,196,4.610392,11.243618,flat,19,historical change between the 2024 and 2025 score dates; not a forecast,178,184,
44060,"Spokane-Spokane Valley, WA",178,200,-0.368654,9.076857,9,11.000000,3.367696,18.197314,162.000000,190.000000,60,4.725844,A,12,2,2,2,2,0,2,2,1.000000,16,0.055284,,5,24.159912,33.004228,2.427547,80.459062,68.594894,7.806467,192,1.270390,9.680300,flat,14,historical change between the 2024 and 2025 score dates; not a forecast,164,191,
47930,"Waterbury-Shelton, CT",179,200,-0.370937,8.953562,9,10.500000,7.874654,12.258320,174.000000,182.000000,40,1.321990,D,6,0,2,0,2,0,0,2,0.192308,0,,(a) < 60% forces D; CT_DROP forced D,1,28.693057,,,,,14.098253,184,-5.144692,3.063842,down,5,historical change between the 2024 and 2025 score dates; not a forecast,183,171,Demand-only composite – CT delineation break (CL-025/D-03)
16300,"Cedar Rapids, IA",180,200,-0.371068,8.946547,9,10.000000,1.970290,24.419564,149.000000,194.000000,82,7.194248,A,12,2,2,2,2,0,2,2,1.000000,16,0.084580,,5,10.012806,66.516095,5.287070,78.642966,18.634124,22.063856,166,-13.117309,18.017726,flat,-14,historical change between the 2024 and 2025 score dates; not a forecast,162,190,
49660,"Youngstown-Warren, OH",181,200,-0.371936,8.900057,9,9.500000,2.899634,20.975983,156.000000,191.000000,70,5.545487,A,12,2,2,2,2,0,2,2,1.000000,16,0.089201,,5,7.220139,1.649730,71.230361,31.130035,73.440746,10.369616,187,-1.469559,11.953716,flat,6,historical change between the 2024 and 2025 score dates; not a forecast,182,147,
21780,"Evansville, IN",182,200,-0.375559,8.707866,9,9.000000,3.382933,21.250493,157.000000,190.000000,66,5.515583,A,12,2,2,2,2,0,2,2,1.000000,16,0.091675,,5,34.583580,3.061257,46.768782,24.578621,67.856147,8.351966,191,0.355900,13.121006,flat,9,historical change between the 2024 and 2025 score dates; not a forecast,144,163,
17980,"Columbus, GA-AL",183,200,-0.416931,6.728275,7,8.500000,1.509501,20.638056,157.000000,195.000000,68,6.189641,A,12,2,2,2,2,0,2,2,1.000000,16,0.088951,,5,11.238683,11.871765,29.833900,27.972925,74.226410,15.851885,178,-9.123610,15.401409,flat,-5,historical change between the 2024 and 2025 score dates; not a forecast,160,177,
14500,"Boulder, CO",184,200,-0.448437,5.469394,5,8.000000,2.014804,16.404837,167.000000,194.000000,56,4.443375,A,12,2,2,2,2,0,2,2,1.000000,16,0.061040,,5,3.872858,34.959889,2.427547,92.191576,56.043223,19.427186,172,-13.957792,15.231946,flat,-12,historical change between the 2024 and 2025 score dates; not a forecast,168,195,
26580,"Huntington-Ashland, WV-KY-OH",185,200,-0.459794,5.064184,5,7.500000,1.592750,23.243824,152.000000,195.000000,77,6.927922,A,12,2,2,2,2,0,2,2,1.000000,16,0.094528,,5,24.007316,20.905119,51.598557,3.433972,27.580935,30.264909,145,-25.200726,20.207593,down,-40,historical change between the 2024 and 2025 score dates; not a forecast,195,172,
44140,"Springfield, MA",186,200,-0.461788,4.995570,5,7.000000,1.365802,16.368560,165.000000,196.000000,60,4.831682,A,12,2,2,2,2,0,2,2,1.000000,16,0.072705,,5,15.569944,4.319365,35.663738,27.361889,70.108023,2.759720,199,2.235850,8.668492,flat,13,historical change between the 2024 and 2025 score dates; not a forecast,179,179,
23540,"Gainesville, FL",187,200,-0.482041,4.339941,4,6.500000,1.637892,17.832960,163.000000,195.000000,60,5.378556,A,12,2,2,2,2,0,2,2,1.000000,16,0.079569,,5,9.984056,86.139106,5.124678,1.957110,66.543631,40.128230,122,-35.788289,19.994234,down,-65,historical change between the 2024 and 2025 score dates; not a forecast,177,193,
29200,"Lafayette-West Lafayette, IN",188,200,-0.482787,4.317188,4,6.000000,1.111013,16.162211,167.000000,196.000000,57,4.878551,B,11,2,2,1,2,0,2,2,1.000000,8,0.078991,,5,28.934382,57.481488,2.427547,30.157708,43.534176,26.492542,149,-22.175354,18.680981,down,-39,historical change between the 2024 and 2025 score dates; not a forecast,189,196,
43340,"Shreveport-Bossier City, LA",189,200,-0.489073,4.129250,4,5.500000,1.087218,19.407128,159.000000,197.000000,69,6.247421,A,12,2,2,2,2,0,2,2,1.000000,16,0.112177,,5,9.055883,8.971583,65.027004,10.352569,25.132268,17.370135,176,-13.240885,17.911534,flat,-13,historical change between the 2024 and 2025 score dates; not a forecast,188,166,
45780,"Toledo, OH",190,200,-0.502425,3.752046,4,5.000000,1.727332,9.387633,179.000000,195.000000,40,2.479713,A,12,2,2,2,2,0,2,2,1.000000,16,0.053201,,5,5.371481,5.000810,44.408584,53.786266,27.582598,24.958596,155,-21.206550,9.968059,down,-35,historical change between the 2024 and 2025 score dates; not a forecast,181,178,
44300,"State College, PA",191,200,-0.558741,2.457965,2,4.500000,0.591975,20.658177,157.000000,198.000000,69,6.590283,A,12,2,2,2,2,0,2,2,1.000000,16,0.099812,,5,59.936795,9.296931,40.539147,37.990640,0.134990,77.040430,45,-74.582466,20.030933,down,-146,historical change between the 2024 and 2025 score dates; not a forecast,191,186,
31420,"Macon-Bibb County, GA",192,200,-0.580143,2.076143,2,4.000000,0.545367,11.769055,175.000000,198.000000,45,3.958656,A,12,2,2,2,2,0,2,2,1.000000,16,0.123256,,5,8.938045,22.509444,38.728697,4.407461,26.232858,16.834306,177,-14.758163,14.560467,down,-15,historical change between the 2024 and 2025 score dates; not a forecast,185,188,
32820,"Memphis, TN-MS-AR",193,200,-0.612543,1.594231,2,3.500000,0.738681,4.484733,188.000000,198.000000,25,1.225020,A,13,2,2,2,2,1,2,2,1.000000,16,0.049983,,5,14.749003,13.423740,19.734040,16.517755,30.982932,3.148493,198,-1.554262,2.776240,flat,5,historical change between the 2024 and 2025 score dates; not a forecast,193,192,
33660,"Mobile, AL",194,200,-0.618848,1.512554,2,3.000000,0.387679,9.989262,178.000000,199.000000,43,3.297309,A,12,2,2,2,2,0,2,2,1.000000,16,0.089880,,5,62.976797,2.007655,61.017691,0.939904,11.188736,18.811519,173,-17.298965,13.461901,down,-21,historical change between the 2024 and 2025 score dates; not a forecast,198,182,
22180,"Fayetteville, NC",195,200,-0.628726,1.391802,1,2.500000,0.636721,4.222238,189.000000,198.000000,24,1.194025,A,12,2,2,2,2,0,2,2,1.000000,16,0.060915,,5,12.713912,1.218987,47.402445,5.057760,69.975395,39.725028,123,-38.333226,12.444529,down,-72,historical change between the 2024 and 2025 score dates; not a forecast,196,189,
17020,"Chico, CA",196,200,-0.633239,1.339474,1,2.000000,0.483181,10.061310,179.000000,198.000000,41,3.186371,A,12,2,2,2,2,0,2,2,1.000000,16,0.104227,,5,1.124475,50.890208,15.036681,29.614854,10.450241,8.418656,190,-7.079182,8.640658,flat,-6,historical change between the 2024 and 2025 score dates; not a forecast,192,194,
21660,"Eugene-Springfield, OR",197,200,-0.648080,1.179164,1,1.500000,0.478788,6.620779,184.000000,199.000000,30,2.144805,A,12,2,2,2,2,0,2,2,1.000000,16,0.069928,,5,33.427904,16.950912,3.644253,44.767311,17.271785,38.961196,128,-37.782032,19.916402,down,-69,historical change between the 2024 and 2025 score dates; not a forecast,194,197,
11700,"Asheville, NC",198,200,-0.726958,0.577244,1,1.000000,0.134990,2.252896,193.000000,200.000000,19,0.902989,A,12,2,2,2,2,0,2,2,1.000000,16,0.088707,,5,6.500537,16.848549,2.427547,72.157392,16.207294,52.015069,98,-51.437825,20.402812,down,-100,historical change between the 2024 and 2025 score dates; not a forecast,200,198,
14020,"Bloomington, IN",199,200,-0.808689,0.257784,0,0.500000,0.134990,3.297701,191.000000,200.000000,21,1.282823,A,12,2,2,2,2,0,2,2,0.961538,16,0.089697,,5,12.662336,10.491866,2.427547,44.941589,18.610294,69.437903,68,-69.180119,23.793154,down,-131,historical change between the 2024 and 2025 score dates; not a forecast,197,200,
43780,"South Bend-Mishawaka, IN-MI",200,200,-0.827281,0.212574,0,0.000000,0.134990,1.338821,196.000000,200.000000,12,0.475099,A,12,2,2,2,2,0,2,2,1.000000,16,0.076769,,5,0.898975,8.026498,5.067016,18.279917,80.004140,20.290327,170,-20.077754,13.975490,down,-30,historical change between the 2024 and 2025 score dates; not a forecast,199,199,
